Id,NumProfileLikes
49I3SOKLI2CMNGP4,19091
727IRIR59A3P88LK,16967
LN95SD15SRPCEE8F,17832
TB11I7F0PN033D4T,11555
32PSGCK5PATHMR07,2147
KCGC12BK5PGHP4SO,3488
SE7SP9PNCS9H4RKL,17891
AI23CE9L10CFLK8N,8974
MC4LR1DKGGEL4C4C,19614
FEM7P31GRFL5E329,12804
LEDTR17G0F05QNKK,6475
OK8H6QICAPHP7797,15543
5JB8EP6MFBOHDKTN,12069
EPF30Q5AAPONR3R9,6542
EMJLEN304HMM5K4J,4576
AG9O7BTSE742NCB3,6413
I0NPS190JO9CF869,384
LDM8GL4O8474HDKB,1369
7H44IQ6G2ACIC4LD,969
M4GKAHO2QGLSOH84,7313
R5IQF8R2QMKTIH67,3292
GTREJSI43M3EKO1L,16029
8AE6D5579O3G46B9,16540
2EPSDJTDBSRC14BJ,5366
61ORCAKB56PN773C,15589
N5F8A570IM7JM8BP,8976
3APD0Q64QKLRI729,3702
CJACBTFIFGC5H99J,12503
EI2KQ9EN4G1FAAJE,8756
M4EKTPPJ3I0KGI3O,15564
INBBJACC1AE1HTNQ,7057
4D9H4JO50R43O723,7704
QS9G5KJL4ASSPQSQ,1640
JAEG665AOMT7JSAT,13557
43B9S26F06HMRKEL,9924
7PKA60OKDJO7HBKD,1232
64PMFJT865CMEM17,11258
0DRTFRTEK3RS76EM,9119
1B04PDI92CFNDCDP,3166
LQIGEBP83S7ISG88,14636
KHNG9HDL10RQD3HS,9671
GGCJ4C2KP8GC7HA8,14082
P5PSF21O8TCERK4K,18326
930DG83R8P3M7KF6,7046
TIMHM4HTH87KOS06,19801
IMNKHNLIA82MCDEK,13283
E69KP6D2EJT9EHIK,19936
C43Q1L67GEBM09SQ,18637
825F0GJG7SLIQK1J,18958
DLRBO0TLOSO4C96C,2145
3QM33RDP21AO6K2L,1204
IBPOCKOTGBP7B97O,8968
GAEALFSAEMTF5L2P,19286
PBKP6NA27EH0R5CF,19750
MRSLRDQSFBGB607T,12371
C05SSKFD3IQLICI9,17738
S0DJACEKJA74NERC,5648
1HO2G4SM3D3CP3GO,14727
Q48FH6G2RQ5ODA74,13748
FQNTHOF88HGCICBL,4279
ENHMQIMCEJDK8E99,4361
33F8GFBN5MS70TPF,10720
2SCA455JFIEI2LOH,4662
7EH3K8GGCER895TN,8404
9A9BB7CD6R1H04GC,2824
41HJ2GBLKQO94937,5410
TCOGG9O1Q51NE5P9,14091
K9THEQF9QCOETNHO,17844
G9H4DQC7H4OS396S,14847
MOHH854I0PI8QHGF,9959
T9QMPT2T2Q9BP3HD,17208
QC6JT108H6K41QRM,10613
JHT4NG9GNGEQ7CND,12234
365NQQQD4QT5CBP9,239
D6A98MDL5DJMLGQH,1188
K1K6H0RTKDI5O1DL,251
RA7FN41CNRITBAL9,14696
9GCHS8O0BIT3GP2B,13840
H0S71P5FM67BR04B,5578
T0LQDNK1564Q7PHM,7372
T0ETACLNJ7F61E90,16002
CMJLKGK0IR2Q43A4,15116
5J2BNMN46654PP4F,1204
EATI6B8S4MEO3R3R,18615
PGK68GITHTSMDECB,11079
L2NG3T13EM3FPB6L,18158
DCGNCC29APJACRSP,487
KI3LJPJFAQHH4EDH,7860
56NRNAOA3DOBA7EG,19186
TAO36NAKCR72NJBF,12075
7MF17ODN3A5C01NK,19009
OHKAQNIBIQ9M62SQ,11346
347M3O8CAKHLTN3L,2090
05MORCA71FBJ9PQF,8895
KJN4MR2HKM25IJEB,3812
P5C1RTL8912ON0LH,15963
KQK1PMJ6ETA7S9GT,1193
5QMS5TLL0SMLM4MF,17147
TJ4QRE6RBKEGHNLG,18152
95C19TDNFH61Q2NS,7267
AS90TO12ED8RJMO5,9270
G5QF1BL4MBJN67JM,5576
63OCNE6J4408TNT7,3053
I23M97LENI66OA20,18627
G38TE3S3ME4692SD,334
QJAG4S061M83QKPN,16313
0MMEA9KEC0PMSO1S,73
S9R0HSEPKP8LQ91O,6245
68LD1S0005NA6P3E,17008
R5G15228PLAEMFGG,19955
4JBGAOSB7SPCK2SG,1163
SEFJNL7EHOTA661N,15995
G1IIO39P6SQIGQTR,5536
ISTA61N4N6CTFG66,12478
J9N3ID5K8C0JGO2O,12984
TMPMMQI9HE6JC342,12350
2ICSM0745C80QMG3,16879
OJI6TG43RL546IMB,1563
PLHO032NDHB2L531,16620
GQ1T8MA5P3NK38TH,5333
QBBGMKLRC8ASCLAF,12288
O6KKQLFFEJQ8DGPJ,12029
I2LRLD8069GBH9SB,11692
RRM80B9BPH8NC722,2629
5N8DSOART14L161L,16387
ITFHEM51SR32DQ3I,5593
JD3RKBCENFQ0MSEP,5202
QFSL4REPTH6AE564,13415
RA88ODKKMNQF5LKJ,2505
9777N6EFTB991ICM,11419
NF4TSQ4SIM4LJBLQ,5997
SJ4SQFPSIRAKA1QJ,2657
3SEHNBEB2SI5CA4G,6896
EBT7KR2A8LB4J3JI,13460
4EB20OHH7MP5JH7A,19466
FMDRJPENN4B9HHDK,16829
88J7DCNI26MI5C5P,12274
E5L9GA2TF4FEFSM3,4139
83NC9DSQC7EO8GRM,7393
4TFQN8DMM5AGP62J,5422
T3QECJR2BGKDPJGF,5540
MMNDF64O95TTMF71,8073
6Q4PKM7H1H2B0HFH,18364
GI24NE5M8CCQQDIM,19191
G0IH2ESD6866G6F4,7283
H5RDASJI74EHJL6D,11829
50TLBIAD9T10OJ1Q,11678
51GGDTSE2O887MKB,7276
7J0P5JGA1HQ8QF4S,12601
O7J5EQFRD7BTN2NF,17897
E97CQ8RNK4Q8NMTG,16973
6F2RNNTLR2O5KI2A,11908
CQB5T10AM53RM1DH,17534
EF3QI1Q2BINFI6B2,531
EHE7GFPB24OHL8G5,7610
HAL4E55FQJ7JEMBT,19946
LCT7NRBEH130B5P7,13548
E28C8BPNKJPQ922Q,16305
KD0NG4J4TJODQ0F7,14152
S56S32JT1D9H3ILF,17903
QOS42780FHAQ6OOI,11219
MQ4SHLME6CIBQIRI,6873
NN1MQG6DNK4G14D7,1159
HK52LGH6FILRQ6L8,3202
5N12T4PN7FBJ7T86,12249
P89HPE8CCSIH8RRP,5871
8IP74KRJFFJI00CG,13040
94BSKMT2BJJLDTKL,1832
LB4LL2ATES1MLQOP,14600
2H3MB37M4R5K1D3K,6008
3IATJMBTGMNEIDII,10515
0EG14I7C0A6IKNAO,9479
P8M06452R091A6TL,66
7T0QGGJO4FGCR5AO,14947
ACP9ACDGAMGTDN5F,14272
TK7QGMB5GAEC1S2B,7086
4M50KAGE6E31D3EN,15894
AP3RGBIE090QL5OH,7084
LFDNOOGNKD1O0L9Q,3284
SOJDSLJKAJ7NE5JM,4854
E4150421O62470K3,4367
RDK9H56QLDCK34P9,2057
6MO2RDKME9MLAFJD,16365
RQH34FT4O2NCLM7P,17746
99LIEKM4N3JO33A2,7385
P3LNR5A9KG047TF2,16167
1QSDATERNG22OBGL,15291
GG0E85C0D1IT1KPH,12548
TBR88FTN6ID9AJCH,9921
0JPC51M9GC6EMD4B,6317
RKGO0LCPECT8303L,1452
RB8MS4TGGG8LM23M,16709
31AONLKFPQ8RHJ2P,5789
IFA60AQQBB2LGK29,2053
BGLN7K7BEJR9JB1R,15041
T6ON5MI4OBN4K1HA,4643
AE04SN5QI47FKG78,5513
FBNOKRI4BF61SPN1,2087
6A4JM9ETD6J48LKL,8259
BTH8FEJ9EE4I4E74,4604
7C798784PCJ4BTG5,15312
1KKO6B5BQNB8B01B,9081
LHPK26G5O8SE12F4,2621
KI032M8G9P75R9DI,19128
O63DDITPLL0RGT5F,14714
OMJELLTQPAI5N2SE,221
QKJIS0PBR2J5EMG0,5122
QLSG334JFTK0NSTE,10985
10B5PE4PGI906RS4,7654
PS3OP5EOPTKNGS8K,16573
D8MR1JN66RN8OEIK,9076
8EH3QACP58QMFHK1,14633
64147N7ICR6IKDII,2689
HSOHLFSKCKMBS0A9,1760
5IPN36DB32P5QNAP,17140
O0G8M9ESCHL40ACH,17252
SMTTB17NFMC59FKO,12921
NF16LP03L5AI0L0F,14799
I00NEA79PFD2L6QS,10824
KI0GTMQP2MPQ1279,6360
K9I7BABMI2RO5KLJ,16299
QE58A39OG4AG1510,19607
3CH1JOR4KT7NBRL3,1228
73IPGI3RSCS754F4,706
D0CDQM0KRGK5E45H,7926
4QNSN9KBNB91P2NK,7094
22CQB2EK12JKABCD,4308
SS201B661L1MC7E3,19527
B3PPD550GNFPGGIO,8544
HCA9IJS2T3PQ1KSH,8319
B7CHDR1RH01CKH3R,12104
TG4QFGAENHJEGK5L,12896
AABEPN5QBICNP23C,978
KRN6NC2M2T347G9L,5983
9PTNIDFT2R3ITKCE,10965
CKI69B17ACLII63Q,779
34DEPQHCJAC01I61,2149
C45Q1TTRBDA39FH5,19551
8B7F9I5EJI4SC847,5843
JE3P27D7BSH6A0J5,10466
3FE510I98M79ITT5,16837
3N0I7QE5JGII6G38,12191
3BT0RJKNK7R5MLDI,950
490LPKT84KFCJHHQ,17136
6B8CP1OFFLJ61K61,13594
PG8HJDH5ALNAFCRB,11328
LQHLP8K6IH6R1GSG,5839
A8NTS5JFPK22ATER,18838
99DIKCD7S9IK75S0,12211
PP2LSC2D7EP1SRMK,2853
EHAFDRO7IS6L63BF,19852
B8OLPJPN6IKFSPII,12656
MP3AJ9I83H8JT5F4,4848
9K1BBFDA60JILKCJ,11631
6B9GSC1JITA32JI9,17994
J52KJ9MNS0JLGPKH,19819
3EQHEJ61DJEGO48R,3036
REM5SOTGAQDR5Q2T,17650
83GSI1QD2DBSL1HS,12834
56BJ5OPR5R76MCRC,5706
ATFPLSH1QL3I9GJG,16886
DO9138GKFMA0AB72,11319
Q0ERHF31GO2AMC6O,269
E3OCM97DCR7P2NIB,1444
EFGPLSBL8O11A612,2404
D7PHAIT33K9J3N30,4117
M8M9NLDMG3JADD9N,9932
2I98G72F30EHF955,8406
192R3LF678TKOL3H,14291
731KHKAE3B1MCCCN,6279
BEIAANTKG3P0F09P,1468
8OBRKKABCAQA7ARI,11928
B768L1GSERMSGT7F,3430
MJ5MCTIHI3HF576J,19391
AT58PMND4M4PKN5A,6504
EASNTSPBA3GGH98N,19822
HN3GNJ7TFLGAPLBO,525
HPANSA83152FBPAE,6599
P3GD6IASD3QGTO7P,18828
LIAND8MEILADOC9G,13887
OSACHGE51N68CM3C,7479
OML9A6TRD1QGDFTI,14734
5QDTG19A0G8MEGLN,9432
LHE97OSD2SMNASM7,9966
ATT5MSQ688ANJL4Q,674
CDQFMBPPJ679D9A4,6229
GBQLSHE0346P148L,5210
63BMEHFTH8D4ASSI,16835
BS352JGGHMF69R7O,12866
BFBPT41R4Q7OSD8H,4195
BCGS8JK065MQOT14,6740
RHKN6FL2DAD1H2QN,5500
4HSEF5JP975SD96H,2841
P6DI5093QM1MB7QT,5146
DS0560TQ1Q7HHR35,13590
A5G2RF127D9DFCFL,2869
OQ46C4ATC943DR7J,7026
8KKL5ST1KQ2D11RP,6763
53MROBAIAD9MMMJA,16735
FQA1ANHTG28GPOC5,16743
2EOHA28CTHMPABQ5,12934
Q1R5JQQDBFI95AJ8,2403
TM1EGHJJD6NDLJBE,6397
OEIIMQG4E5MTJ5EQ,378
1HG3PQ2G26PK47TR,4575
CJ4BLE7ONIHRL99R,14566
J729HGTRG9BPCFAO,6859
LO4722CRITH7H04H,1051
F9FQERP29MLPB0OQ,10859
SA8H620S06AMSPDN,5765
NRSH90N48JA29NED,9112
A977KF703ADIS6AR,2649
L4CFM7NPB655E7M6,1757
BTDMHHR1FG9QOFIP,12581
4CN39SSK1KE9M8T7,6210
BNC18B0L3FHCKSLO,14905
B7SB1NM9Q91BKF4Q,3715
I3EITMGJI7PLQ7TG,982
5B4CG9QOM9C25J2B,1716
1JP6N14GC1TI0G0A,3732
HJLQ1EHFJIIIHMCJ,14930
BQPJKNJ7T3998NEE,3442
RB1T5EBBSEKR83KO,1102
K4LQGJMC1151CHOC,14143
SNTEG3GPFGDJA945,3627
MCR16TCCG9H75TCI,18341
LEDKJ0GISIJ8H97J,14552
EJTQKGNMN5DJF7EL,12947
RAAA3OJGF64R2JI9,14132
3CPBJC359MDCQ0BM,8238
9DJ09IAOJ1QFOO63,11017
MG3PEBPCDAR0AES9,17221
L4IG91Q41DM7G94B,7495
T5T29JK0OGJN1I5A,17281
0HML5I3HP6CRRFRQ,14143
G4ATJRD1MAMSBTMA,5142
1I7LG5NIAEO8SNBI,9707
EQ9HT7D6C60F1PRI,8956
49EI89BR02EOLED0,1955
6NT4IOJI9L6JK1TG,8971
65K1D4A4FHQQSM9T,5088
RJ6HKDO5A6R7ARSD,1058
57BGEQBE40D3HR3I,10726
Q3DP2S15CAD6PIJD,9070
EQNPK2J9FN85BPMS,8847
H4C6D17OH5BTO5S2,11564
1SD07JN9BKQ27640,16136
FNOJI0F2KPQS8532,7789
BHKC084AF862D34G,969
JE8NJFKROFO1TOFR,14123
1LC71I495MCMK2PA,2881
TG71JHM3BCS3BBGD,19196
QB7DG7NM1TER4AMO,7191
24PBJJGDPTL796GS,19741
R8088OEFOHDATAL6,2220
2KRAMA1RO7K0NOF9,17113
498NNHEQ3MMBFG47,2514
166GCGLJR19GGS2F,915
O3LG1DSNH83S309O,10869
CMM19RTA4FRMLGNL,13913
PB7OL4SHP1FC61LI,6818
7PK2M7Q4ASC6AOQ7,10746
O6A4QESHAKS5QKSI,391
12529ECPORPHJ96N,17200
KDO5F9CTHS886ILH,10643
8ORBO5LPM73THQ56,5046
I98BO9L4KN6BJ463,16180
2C4BQ1LJ1FQR19LG,18287
T43CNJN9BS6CGD8N,12783
86N07CKE8L6PAHRE,4652
SPFFQJ3J3I58624L,436
3J2Q8C0C1141S5Q6,14896
Q7ML9CG1LBIE6N6C,19523
KSE6HGQS68GPAS90,10713
CAONDL0S3PFTPL56,13222
JO9KECKO5M4QACO0,14618
C5DPRBF6D96QED32,10918
2LJGQ7LQC4DHPQN0,9234
S07OQNNB650NJCS0,10219
EC755IOR7KJRF8JD,18455
H4FHA8LT5PASKI4S,9634
1JR37HIC6L6FIT6S,18749
LG8LA3CGR6T6RRM5,13275
18F3NF798BOI0N4T,12281
1R7QFGS8IEG7IFCC,8227
HH742FBO6SD644QM,13099
22NJ35P198NDN6FL,13316
3TAKALPRKOTCOT5I,5004
H5DKT6A3PMLJ5KDE,18361
5JT0702CI1SPP4K2,7157
1J5Q4OBC48AAIRSA,6857
7C46OJB579118OOE,4917
DPA7NM9DQ8QJS0DF,10025
LK4AC0SK9G52TE06,15165
2S8LF2IL0GLTOQ2T,6038
N0KPM80G1572J1EG,15378
TO76T957N6PGB061,5803
SHGG5O657ARCBBS0,15529
JP1KHDHKERA21I41,1261
S8A0ETBLKTF1B8G3,15310
8I02N0A89NFPOSF4,16062
Q15SO84EBBC382L5,12185
C9O0JNMDJNOF5L6T,10183
130F4STRB4KD7OMD,4795
BKJ5O2I2AC26G96B,7209
1H0BT5MTIADALJD9,9718
7I3I33F9SL9AE2H7,14460
IOL5C8HHQG387LDS,249
R6E19JSGR9J63JQG,17271
SB72NJT3JIT760SG,13374
TKABGHJA2QOMJF89,12775
I2TQD33I46T1F56G,10150
8FOQ0KE29AE1N0S1,3564
5AFLR2FCOA0N82MG,12462
EN0PPTST6KAQT91R,18114
88HIM46E5I360MRQ,15295
2OJLA27NIHK0CCNT,1138
O2T8L01O658KP4QH,13732
431E4R5Q8KB7IAKI,15930
S53PKG821JT9QC11,7965
D3JNE3F49PPMCRJP,8549
24LF00A10HO8H72I,2957
QB7O1IH2CPASF5D3,14
M5HJ560J5K356ATO,7181
TNG4650J7NTIA15E,13955
P424P405QQ899L70,3648
M96RTATAFM82LF30,12725
J4AL4KC1LI2DJ34I,8078
27SIMRCCH04HIDIK,14511
S0OKSSPCGQPBLKJF,9189
K6EF1BM6N7BQ27NR,2574
A2QOT07GN2NFNI1T,12012
D75OMB6LSE08OTSB,516
1LPI8MC08PDFH2M3,1726
NHPQLLFNC9A8MJ10,5892
A6LBS56P5901KSMC,14914
ON1S7JD8G0BHBQED,4906
3TCITHN3CSQELI42,12075
MGTLGFLSERBS0NQ7,8174
0602O26DGA3NSNN6,13622
57685ILSITH07FMI,4832
OKEPFDCLJG1R0IBS,10604
38J79AEA61MB7NPE,6286
JLTCLJPSR9KML42J,18655
OGTS8JCE30N3Q46J,7575
8TRL0M8AG7KT4QPH,1939
FRJ48M9LFEK0PHTJ,15016
KBLACG5KMDP7SJGA,5480
IA28OI1RSCJQDC6D,6979
HP9NQT1KR3TJQ1S2,4086
663KTJSIMAF9SHHF,16396
M4J6O00ON01B6MGF,4805
LCA6MA16QO34F0AG,647
43MG61POI5A3AR9D,7756
IBTK2JABSMOLN8N2,5040
08I8JIJL7P6ES25S,16668
O39P1SFLLBRQ93Q4,15830
S3DB84CH0HA6AHCH,2692
O2JLBL0ILRQDL762,3199
20SBIIPORIGR385J,5366
HET3DCHKN49QMFIR,9201
72MQ41AKRGELER5S,18665
IRFJFALDI0FGK4LD,10415
OOR2ETIFFSFBIT0N,15430
FO1MB0I9H5ASRAE3,6262
HHTCHCSONIHOP3P5,4847
JRFM8QCJKIGMJ2F2,11440
CTE01KNFN73N1D0E,3382
1IL0ETLP4JMSR9Q9,4034
H2CAKHD7TFG34E9T,9625
1T9IKQ5R2A8QI2AK,16140
IK3SRTF8G21G2LGQ,15115
QLT46KC3KKTNMKM6,3384
A7IMEPIE5B7RGDA5,7920
AG32112ONNO3CJOL,10973
3M02OINEE5SQ04HO,3522
JAR0PTOB07MLEC9I,17649
GB9TR6TMLJ51FI5R,19635
1ON0EPBPKKRRDPI0,9042
5204D1OO1R53HOPP,18474
0IHRICRDGSKSM4QG,9771
68GJ1METQ6TKFCFQ,19943
3PO6FPK6RK398RFQ,18333
DFS0631F4OM6CBB5,3539
II8BMCG2J92CMF0B,7996
KALNFK73D7FFFRF3,18259
78K1IR3T56TK386G,14149
P8H31N224579QPRC,15001
BNHRSDHI077CE3HQ,17764
IA5TG2T2ELD3BCJ6,13411
QJL2T7JJ3CGE5JAL,14163
D578I389PJR5BD5I,19684
LA5R6MQC4I8NK8PQ,12667
BBMMCDOS07QHLH0H,2824
Q418H23MHO975STT,2267
B2S504BTEB3460D6,14815
FB79NJH2NMAIS3R5,2305
1D55T187PNG2EEBG,3727
02EC3C7I6DB6PS85,8028
9PBL7EOMEM6KN9TJ,17292
SC0IRO1FJ2HBOCJL,4049
2488SJHFQ61988AP,15177
TM9P8E165PNEL220,14904
GG5E614PMHK6I8DJ,4831
MHOF7K7BL70RHBG0,13467
HB91H5PLR7O5P8MG,14050
MJTEEHJ019EDRAB7,14966
A434G769FOA3R4CH,12207
6J46CKKKTQS45JAM,7820
AR4GCBCAKFQ10AMH,10844
MPP1LELTRGIQ7645,446
JL0BD0SS0OE2C3OE,12366
4PG5B35NTKK1D3I6,517
58P07ABE5MFNMRCR,372
IDD43MI0BAD24495,13115
Q62CGEGDOPT62DI3,4735
01D40L6DEB1N33TT,11443
O0FPSISSSIRO4PKP,19437
ECH9RH256KP94NGR,14100
ETRDJ2891284D0H7,11008
JLJ30EST4IEFEET9,16293
ABJFO3BFKPJFDM7L,5277
LTGJNE55S540ATA1,8186
M0RRC3FJDC84EIE9,6595
S6G7I44AFCEH7CN0,3223
KCPC776EGNH15TCE,992
3C4I35754O5PAOH6,13339
ENTDICAQHDCNMTE0,11286
70A5KGP00LTJ4N8M,11370
EC8N03614ML28TM8,468
QD9EPLIDGFAEM0PH,4468
S4N2CF6RICHT2SIO,9208
TT7SIEG1HRQMME1Q,7607
KR4ST3OJFA4TK2N5,4538
MQDCQCROM89BO5Q3,11632
OPAECC8LM3FE7P44,1235
MBC5R0I70KECDA5D,7106
33L0K859FA139HT7,15361
E3JPKBKEF7IE88Q6,14728
STRA23PBOHHI5AA4,12276
B5PF45OS486RR55D,2872
91RITMEL4SEFMHBD,10296
T0IOPDJH9F9FD90L,13081
A38L0LM6OGJ0S43J,3396
PS0T4BS13ST79ASQ,16160
M8OETO4C100AF64M,16261
KBQ8972HK54H2C39,8706
NJQ1A0N80JRQS12M,7877
O99I57N7A0P01RP0,8786
6ONMN7FPG5AA0DOB,2624
L49H0DTC2L33GM4O,15835
TP8JMP7QK3AQ14RI,13157
EO3M85QIOKGRE3BD,14560
6H9JGM0BQDR69E17,9573
GCKT7JDAT0KGGD1K,1718
2TOHLSNEEJSTDDJ1,4424
L4KA2T8171E0Q1RG,6483
FO8KO7AQ80597717,10942
I6D546QDFGTPBG5S,18873
08639J6SR5C74917,1441
GL8K5F85DQSNHONJ,13057
9JIQH4C5JK5G6DEJ,12442
E21NF787710CLISN,16186
357T16BQ5ITM06Q2,11848
HG9P9C1AFSTE2IDR,4904
TJFBKGED5GOAACST,4685
L0KR2E648S8EQO3T,17960
1JL5OJ7I17KT2784,9698
SJ68NKCHHI0O0K24,6889
9TKD1AKLHB8AJ6PA,9546
0GBL03M9RH2PLBM7,8221
I59T91E3GB267T27,6385
Q99I357TKJ8B0O18,2540
SN5S8GF7ONNOH8AG,5213
5D0TPHTDEHA55JSM,19234
233LN1QLBP80CKIA,8426
F1T255DC808A7AAS,9726
8FBME0DH442FJCO9,4023
6420TD7TG07EJ11R,5331
PCRPCITJNK7SJH3O,1158
SLHLLNBC1Q0RN3H8,19792
R7FFF8N2N9G9PC58,8618
80N4R193NEH2F05S,9803
9TI8MOHPAT858A2H,6613
R5Q5GSGKJRHDQDAM,15654
5CSOC6ISNHF8FCT2,1600
MGLD1STSJ6RR32OP,17238
8F50Q1ED3EMC5LMS,5918
0CEK97NTSG939JN3,2237
GP27RSG1I4CNJTLB,7876
LS2AFADB3RH85SF9,1603
DOJHG61TO3QI5CL0,4007
M6AIR5I2SK6PAG9L,10040
ET06K5GDE72LAJRM,3724
TLBT5A7DE07ODS8D,7387
HDM8TF4DQOL7PN8M,14676
SG8K23HFSG03L5HD,3589
F7DL8TDDAQE8L2SH,14464
Q9A6PGC1I0ECR8ES,9017
O4LLD0121S3F0LS1,18001
7EASAOPM5J2JP1QJ,11182
53ETL4BKC9SGP85H,16701
A1E7N53448T3S3PQ,14589
FT3F5HJK01IF96JC,8817
10DC59G5T6SJGTLB,3830
OQTLQM8J1S8REJ2E,17070
7D28I9FO0C8TF6P7,18800
G1ITJ4NE88J86MFT,16473
21B8OT7JH5NRNDQ7,19952
F1R3BDNFD1FR7F22,11864
7G212SKQ9RIR70NI,12213
HG5IFMFTM5M23DSS,19110
0GE96G3RA0EN9F29,9536
55AFNOSTM7829AK9,8582
MJJIM55N7MLH1F7P,17706
T4E3O2I30C6JCFAA,8874
G7D4EPRLB34QG45D,5884
C700O0BE69MCIN5H,9727
87K32F2FCPIE9934,17762
TTB2JBGCE21F9OGH,12761
GHABPAL80ML288O0,5537
TG7H4DDIKKR05IB2,121
GOEP7G2CNGL23AJR,6513
2GIQ077RC5D5J0NE,8248
9A75B7P90BL5TB5Q,3467
4PL363D5FHE15SO3,9188
5PEK8FB0IHR1M62T,2429
EGHDB6NFR6GKI7PC,9512
B2NPTMS6FGK134PP,8337
JK81KHO5RM5BLQ6K,6115
T9HTH65SIM9NFCE9,7195
K6AHPS2GJ7ELI4KJ,6678
01250ADN9H8O9CLH,6866
OSELQT44TPTTT316,13225
CJBL9GH7GEOLG0PO,3018
9RCK616QB6LAECA8,17096
0FCF1ISL1DAF5AHO,412
CLQ0QC8375CCFJGT,4334
IBC69QO8ARDEIRA3,7564
R31EK6OCRBLC3J0R,17683
J5MD0S0JN8GFCSSP,5525
AES1KP7K31K6BBB9,16737
R2BPPAR3IN3AB6QE,10923
6RGRNDKNPIJEAID6,6147
339NN4QBF2NCOH8K,1735
HS4PN1GAOPBSFQLC,16372
OJ147QIN3C3BS0GH,8735
O7NPI8RT02MR8O8L,1504
KIIM48O5F8RFIS7B,16739
6I3H0EOI6O5B60LR,17953
N6185NE3RJM003BH,466
SO8JK3PR00AQE65G,11824
92P67ICTKBTFHOOJ,3364
Q8K2ESDQR2LFJ88T,5198
4F3AMLP4KMEHB1FA,19917
4QIH6FRD3204R5HE,8466
JT60NTPN163A1DNF,15480
4NFEEIM7NM583IGH,18324
M982EIN3FR77QK9B,4213
66MLNIOMDL64AR3L,13478
808E8IINMIDP8L28,3595
B8E2FR8RKHH99IGJ,18156
L0BS4119IE6SLRR9,17610
TG3DT0A4HH47MCJH,15840
DBJND51HBFKTDKRE,15710
LQ3DT8DNACK6QD6L,18994
44E28K12K80BCKGH,399
BD2O3JH2KIDHGQ9H,2994
BACJ22B5F9JN24NJ,18718
DEGB5BCNB5M5M27O,14230
D5PTMML4ID34KMP8,13968
31T6FESFAGNLNHN2,6107
9671O6OD4M82RKQ7,13290
NM357OPNOROHGARC,19292
6GG93D8S6854M999,6815
J4MB0BEGL92J1R7N,2226
ON1N05K8AT756DO7,16741
7KN8Q95HKG6D3B2F,3414
P000JQ593EGP6OIM,7260
OOA55POM9JTKJTOH,16284
RG9NG9PHOJHQLRLD,8095
1AFECPN4DIGKHASE,4136
MIDGQ11FBK0S8SQA,8757
B81FEI1BJPQ2ID31,14396
9H0M53IOSJ49R744,16188
9GD6RI2MSLFMCIA9,16054
AOMPFPSM3LGNEL8A,12152
L4PNFKRP9PPI3S4T,9770
INN0S489239CF6AN,812
H4ESNMEHH4IMJ57Q,88
RFB6519SE8NJ0JRT,2861
KEAG4CLDPD62MEQL,7486
PO3LC0Q4T7S7LN9K,4702
EHMNI9EFFS7OCFOO,9645
M0I357JAA15F417E,11427
QM2B41O327BNM8MS,8016
RSKDRBC6SG8OB94Q,14719
5C0IJ7JHTCJ5KFFP,14181
NI1NEQO8GFDP8ICP,9850
7D2OSDJ3HMCCE7G2,18992
O5SLQ6B521R0FLPG,4665
20GK0SBKOJ9NHFCF,5949
221L5TE4EKHF6G7R,11624
GPHC0N1LGOMOC6BA,6075
04HAJ9TA1QIA4DAL,3307
TDDM9IN219AD731C,17707
D3POAP7L89SO1ADL,1573
GP67RG7DMH05MB9T,7179
A3IDFQ2NI9RFGS6K,19061
AP5RH206L9D694JI,18541
22N5S12CLO8T1PP0,18435
HP34RRPLFE3A2M8M,15500
KGTO8BJ194H9OMK4,17183
82BL3R6OQEPALE8R,18443
QFBH398G8F8FA4R9,5418
5BOTNK5GKL2LL72R,236
KS6SJODDA6QQPM4L,8153
MALIAQ24HJ8GRNDG,6005
459ALMPB9I2AORD5,8113
A8GKK05RC3P6E8TS,17441
NREGKJP622LHLMCM,19234
MDFQ80NKJAB06PS5,7591
LJDLT6J6H44SP79B,1598
J0OQTFDGOBCCAI1F,1530
61PLMNAJB3K3KPGT,873
LCSED2LO6JB8SCD9,18992
MHKMJOTC6G8O7A9J,7728
8PL09L8KFKA4TTPQ,6874
61MDAAM2RI2JEQ2B,6645
B2GCL5184DD34KN0,15553
RA3LOJSI10J5I733,16530
FITN6JPLJ1QP06CL,19700
PKSI9273T7F093LC,10946
FRNPP6IMNLHGE5R1,9740
OC1AMQAGLC60P9BL,17906
B13E1MCACPN6STFQ,3139
O5654SIS7RNFM78S,19824
CI8AD1E8KI84DSCM,5853
LPF8KACK62CMB5SG,14597
C0HMB321PS17I17A,319
O58ACT6DPI0TJAPP,4675
PN3H5CPCC4CBLRD2,16635
FPM5PMCLN8I2Q803,2471
JFKMI72GPGM7AHRH,12912
CAOS1OR0H2RA3IGT,150
231QJ6E8BDR24QEK,4967
T13ODJ44B7GH4B9D,16213
9N5J6QJDJMOSNJI1,14800
158I99N7R3MB5AGM,17353
KM2I4DMP450AF2AL,5679
O63468ILLC5785IQ,6252
9SCSM7ACPR88LRSM,4347
EL3T70K04F0CAQD6,5180
MQCR0J2HFHDERQ72,1963
24T7F8CK83O15M1O,3439
ESKOBDP2MG1P0TM7,17084
5CS476L066I6LRM5,724
CQ5N1GHO5HAF9AC1,14600
9F7OM8TN2IETGE2N,338
52DH4ERFTD8CQD7F,2628
86R56B0NDSH0E5C5,1211
698JR9RIE1CAG5BC,2550
R4FSDQI1GK52OGSQ,18417
4NG8L0MESAO5QQ14,1938
DPKIOPB4BI1HNOD6,14456
M5LQORCRTE4LEGMT,11926
5P7AJIRR46KGGLJ4,6073
KHO285ME63KE4I2Q,11485
F7MCM6GSSD5PAG3R,17196
CH5943LKCSKJP9I5,16766
M76CEIA5FS0FC92M,15749
5MQO5K3QK8NR3HB1,5010
EPB5FK3LHPR4O25M,7739
6GJM6SJDA1E1NF5M,7109
DTO6FGKBK4FN1LLO,16681
HEEF207RFNQ03RRN,9852
T2KGGB0J5P99T7EH,1000
HMRQGB5M81AAS1AL,8816
7BE0QE11GOPFHRPG,1358
FO4AQBFFIR1LH7HL,13844
NFS9OQNGENC03LJ4,3400
2BMD9TPNCFG8PKFB,1182
G7B932NKLKTFL186,11623
L77QH8KI3AMHKTI4,18063
8NS0LQ7MRPP6O858,16258
O9M4ED32KMRHHTTP,18998
ORPIBCDC8FNSR08E,18047
S45L4MRGKDG9G5P6,12846
0F1JDM2PC6ILL3MA,16108
KSMPHQJSL26JLBBP,6932
4I8REHPINS8MF5ED,13346
LDNBT1FCT55FHOHG,1176
73TS6P3ARN81C9NG,8359
TCJM0DK3SBKAOC0Q,4803
5P3K7T7F1SO0NQBB,14948
ETAL4PSR5H0Q40AQ,15014
NG5BHLH2NA107TEO,4501
9T7EI2TMSP7I8KSQ,13010
6209DCJT0T14DMJI,14606
TTDBTG97RIJ43009,9573
TLGBM1S84QM7BC3S,7677
APP6M5MKR29AQ9ND,14174
SB402MT6F90J8R2H,5737
3TLTA7ITAREDB3HI,15884
C0R848OF124QD6H4,6034
5Q6PMED0I808HOL6,5591
2BO8RJF1HI82RDAR,5933
90SE0ECGRF8Q7CL1,673
CPH0GG0AMF8P1T7E,10543
3D9KJQPQTDKNOAGB,18700
2PELJ93S6NJ086AR,7844
1LOPKCHQJCDG4MC8,5411
OI2RGS0OKDPKMETJ,8208
RIRD1Q1DL6TAQTMK,18864
OJ04FRJAS6TM46EJ,9137
JLT66Q04E9ATQOHO,3929
9Q63M16RHTHRSSNT,4682
R2IBDBMF2SLL6C6P,3154
I3POOROE1273SRS0,18834
MBO761GE4R8GQMST,6385
N0HTJGCHRIO2ICCA,18060
PCH3K6H41B0C4T1L,12297
FOMICIMM524LG3TB,10356
E3ATLN5O1IL61QK2,16764
CAT2BJMIE8SOMC1R,3426
0HOPM80RP9ST99GQ,17209
0KNIJ61BA5753THH,16215
H9NC52A3EK134F4E,16740
8HID6INGR9TSTELK,10558
FELPPPHPLH69J9P1,14489
DD6OLRT419OL255R,12196
OA37B695ND1NAE2R,4916
CEQQI8S0GOHC6KC3,12675
OB1ECBRIE0GT15J4,17492
C1DFPO91Q6QTJEEO,4362
0SEH7F4LQT0ED6J8,6213
MN3KS00927GER5M8,17107
E1E3L9R72SMO0RJ4,5656
R16SJD26NQSDOPIR,19222
H6F25DJJLDDJKBI5,251
943IKRQP2IDOL3B7,8818
3401Q0PIBANDEI4C,17247
BP57JT3IIQ5239KO,17000
HR8NRSCT2DQCNL5S,14003
F94355A8J5S793CO,2286
45CNE0JKNLN5RC3I,17366
E64K8P3AH70AIHM0,16780
46BD0D8QFQTF6G98,2386
0SGM5D0PHC9TEC99,1685
BMB6AS3AMOIERDTN,1598
AGK03KMPMHIANT31,18815
H6HENHB78RCFGM38,3657
ACA9GDQNF5AFD2Q0,14126
O54SL55IPTPAGBFJ,9225
AC5T7NDFFCOKQK4G,5121
84REM9SLGTGJ5KOF,14290
C2K48I36Q4FT1MS9,4932
0I5EOJ697D87PAAL,4022
S88IL1TA22JH5T7A,5612
KINKCGJ3M23DD9R2,5386
5AENT1MEQ6ETTISN,14491
7CEFCE8IF9IMDIQH,2604
063MPT719IBI94MM,10463
KES22F37AO0OIF5R,2980
N45EIG52J2A92OI4,4588
2BMDLKP17M0S61QJ,2902
421B6DJS6G1RRB10,8335
KMAETS8N348TOBAN,8551
2RLGAJTGH73MFDAP,17041
D6TMI44R9LD00ST4,3226
3QQCLTFNG9SF51CS,12737
42TE04C83J21A8H3,15082
8MORFQR8L7SK9NOG,17748
S1LLBF9OT6T0RJKK,4125
58MQFECQ0RBI5ENK,4952
APFJADH4G33HIDA1,17487
MB8LECQ57LTPR0QL,795
K2K3E6O973O730BL,9488
5KKNJIJLHMDB4QCK,5504
4JBECFHQBIL4EKTB,3369
OA16FCG3ASR39KEM,1410
KIHL4D7O7DL51PKF,11952
SG2HQ9J5PFBPHIO0,14221
1TTQOFPM3JENLQTJ,10980
LEK5T0NP6TGNLHAN,18506
FFE0HFO16EGT5TI3,7976
N3AJKR3MDEFN0M2M,16593
KJ7BTF2F56DQ1T8D,16650
AR8BIJ893PKA95GO,19211
IA51LF9BD7TPMJ3B,6203
T4SKE38QKKR5BF82,12443
P259I124LDGI2HR5,1800
DQA1H73HOBJTBA2H,3825
DT0JEJHQ1FD6H5J6,9711
CR4T2TBJJ1SI39GI,8870
2TL4DREO6N0H82KT,5134
3EJMO389BPTR64ON,11287
EH1BP0D3TE1A1098,13122
0AFJO243L3L5FM9B,6782
HM8QBTE0O0QECAS9,17083
DPA99NJNGSDLG07C,16685
19B5J5CNTEORL3H3,13329
6C9MJBEOBTORFIRI,6747
85H0L3K9FQA26QG7,3772
SHKQD0IOOBN4CGFN,9994
3GP2O9CC7AJIEAPC,18422
441KF2J688N5GQ6N,8390
MBS7QQAE510AF4T0,13406
9DED9MDT8GOFP6KO,11604
G2NCO6PST2AE77OH,6459
TJ60N0P0FDCDEA4E,17502
4P7GTP528EMNTQEI,19742
N18GTDD6429BFKHD,3282
7G067H3FTHGIDA8T,9457
I0EIT15EBCAPKE19,6527
QOMQ60I7IBKCHF5E,13486
01HG044MB40QIQ3T,5348
P832LCT9CCE3NDB9,13555
P4KIAR3IT2I1TQ3M,4021
BOE27LANL31G186Q,7504
S7AQP51R6K0T0BA5,2067
0M6I2N6F9I5GI6JG,9693
MF4TLH1CAO035BKL,8174
AQK3OTA3NCTHQ3S5,19966
3B29150QR9SKI7CE,3776
QE661G39IL85H1JK,9648
G27HIQ4Q0R9H3J31,19435
85QPJJK5BR6H5ONT,14826
M7FMFL3REH0I6DE7,3121
S9G92R9O0B8MJAE1,9469
93IJJ8K92RM2OHLQ,2434
8I6FITL5J7S636J3,6132
3MSSD9RSGEQ0OD69,751
8LS5SNSKO1F6BM6T,6687
LMF8MCF19916F9FG,9558
4PH5K5LR41TLMP00,12823
PENPJNDN640A03CF,15887
0LOIQQOD78MSIODD,19666
198D3BBT852FRTK9,8685
I2N40QCQSLI7AKHP,9550
NEI6HGAGQTFTFIB5,2979
FP5QDNJ3C9EG6S7I,15775
N3S6NM082ESSL11N,14310
M92GSEMRO3PNNT3N,3676
K8STBKCGB20AMTLL,11641
5P110TR46MIE8871,646
MBBGT7RMKDNDQERF,12367
3MQKM6I09CPHKICD,14739
HNQTT5NECLDDB68P,17011
9HEEP9748KSCIFG0,756
BKG9800JFLQJJTRP,13721
QHS1JMJEK7O3S5RQ,9388
NF91BK3STHGNCJKL,3007
LRCNH624O01QJM2C,4541
7MKLBQTF8RPKL7E2,18262
39AEFH7N1CKHDQOJ,11365
CQF4CMLL7BOBKLA7,6286
761FOKPNG6AJ2R2C,664
B9NLMS5993SOOD77,13609
DP8NS0DD1KDLNPCF,18737
B0CM1HQFE65973RC,7413
8J2TII36KI8SPSO9,10927
6QN1E4EMN1P6TMDR,1142
68703M8444I4CNBJ,15291
G057I7TH5JK2NEHB,18056
QQD0R497D5FN3O2Q,6679
JM4N1JCRQI5PL8A7,13834
LTGQ67BBOQNP7A6J,19736
KIF10JSBDR8GMRT7,10603
2B2Q5F95OBN5JC7C,11094
DQGRTDBEQS8ES6TG,8656
NQIBB0BCOGIO71QI,6370
BSNKEN816BJKPTOO,18961
T4785KGAMPQEH6KI,352
CKGC9B6TEGEC0MHL,8705
Q33C9ETJ11M8JOMH,13707
66BTARSH0FESNG6I,12935
7J0C0CPJF4ML8ASA,17599
BNKPQSDNCERTS7KS,12916
CEFS31F1S4GHSR0C,10507
B2TD955R83K1TKC6,17800
QTT38HLT9I4CLSB2,18170
CRDCI6198QQ8DCAI,7184
S8GF9GEA8SM5214B,17344
11SRGJCE1CQ3TC10,8018
JKSFNT02H80R4L5C,3777
H47AH7T26D0RN7A2,19145
RJHOSDC70GTL9M5H,16334
CDG01QQ7K784COS6,19298
HRS1782KH4NL9LCA,5148
GQBMSSEODDEMQ1K4,781
PLCPB8MOD6M1K1DN,7191
14Q6S22ENGDIHA1L,13964
B6CSL3J5SIN5GKF3,19353
TAFF925GA5T7PEGP,5569
L9MSMHM49OB30995,14375
PQ4HNT5T42EHJC9K,11182
CDM47GLB90K1DGC6,2260
LH55OBIOT2N7EGHR,3483
4G783E2PPTN73A0B,14298
Q0F6PILP6Q29JCM0,17200
48H3ESD87ON37N38,13687
BBHCT56KJGD4S0LR,11685
9PMJ4CBE5J7CNERN,1376
BIQ0QR4ETMO0BEGC,2881
HJ4DQQAL27COT9GK,13047
OOF02CF3E6BO0OIR,2810
EE6919NSTCCF4OGA,3647
S6BHDADLL1LFO6JR,3074
B6SALP6I514DMKF3,13257
9MTNMR26B26ST162,15238
S7SNQE03P9B0MTHK,17375
ARD1K2MIHS1KTM2D,17480
BN7T57PE3QEM40CQ,10047
4DLQG70OPO3A443T,3699
JC6J7TCPNARCA3DN,18690
PNC6TIPMQRBS6FQB,10241
982LHA1I5MBFSDGE,743
NH237TR6MHBHNOCR,17501
4RCM7AM60J227M16,9618
CJCEK01KSDIJ047M,10536
7G20SEL9I19M91DT,282
K6FS43A9D3LDAO8E,19748
BL4BG9J2O77TC50G,15727
6K66324LAN2FM2F5,227
8SSCDTO2LDBHGP05,13807
31EIC3QTRQK7FI2I,323
AL8PK3KQIG6TA76T,11075
SSDRG5LG7BSO6EGP,15166
1B5GDC3794PSFFOJ,13382
GR3MQ52DSRECQHC1,2267
TQQ6INR1DL68N4ET,18254
K31C5CDHRIRAOI25,4629
ISN5DA2T9BM2DG81,17811
PS8M8OTDAIK811AT,2917
O81ON6CK5AMGCI6C,13583
54T3T99M38DQCS0A,1902
Q2A8SECECJEGI1NL,1370
15NA7607Q0P0B00H,18131
44K59E4C3DMJ0RAN,13723
1HO0MGMMB9IB15DQ,15855
F58F8FSN073TRTKT,11715
LHK08DPNSJC7A2QA,1438
625G6QGCPJJKLC6N,2344
CDSO9I37RLHABTO0,8540
Q78GCP6249HOQ6HG,10514
SOATPKC3HHRORTRE,19739
6I9CNH9T9P1ID6JS,3241
H6GOT8N5C65FRFP9,6008
GSSD8LEAACRGAA8M,15647
CJSKQBBMQMOLP3T7,2105
HDDAM131NDCTEE02,18687
OEBOHK8SJ6Q8PNIQ,3113
A7NCBKJP2D2GGR2N,10076
B57JT0L0NIM7LIDP,3320
LBKQ86303M6KT89J,228
PD7PNKQ7FCM7IR3G,6255
H4R9O6HFB62S7DE9,18015
LO5FQD35NNF6GT2A,13965
NJI7F0BS2COB00LK,5822
GEBN4DJI506QJLD0,2660
IEB8ATICPODE18B3,19632
ED5T8DKHQDRSCKQ7,9869
5T4AKJHR1O8AL0GL,9734
OBPD40FI56KS29IB,863
R60OG7LQ14AJEJ8K,14900
TSB3QL9IEIJK85CP,18247
8N3QOEBFBFBDPKO5,18990
T5Q43N5PP4NS9J82,3200
QK9CPKIGAD5MCDTK,14133
Q9QMPAGLF7GKLP3A,13327
12FL92J9NBN5EG7A,6680
OS96HS9MCJNP5HHO,9992
OMTBAG3F14BL2EL4,10919
F1KQGHLN9GBHAF0P,9050
EPI5127EJTHNRP1J,3257
BPM5MFP836AR35KE,11341
S2H604JJG502EROB,17292
8JDH6F6NF7056KRK,12883
EJ283B3E917KCR5L,7648
4AICN97BQ9B565QO,18320
SOIN2T60N1AIFFIF,6149
85CNHSEHCOSROR2H,14281
GR976OK06CQHIDE4,12471
8K86M8H1L9C47AF7,13170
QQ558Q101O04NCOO,1568
0QN0BQ4TNFLQ6EQ8,8320
3PDSF1621LLTBGO0,1601
TN4BLNDNTGH1G8PO,6505
9SBT98K4N40SQ5AQ,7251
RPKMHCMI960887MF,14545
0GJDLEF7B9K5BC3G,12187
PNQLJFEMQONFAOFS,13850
BOB4FLPIL0QPALJB,10427
AN485COR7LN6AD2L,1833
7M10I6O43RL6NOTF,3887
IBMC420IB5MDEKOH,7237
OHQ6QD7F7DBBTTB6,16361
LG5D4IAQLB44J8QL,11544
D3F5303JINO3GOS7,5189
6H0ARGB62C0PRCOG,5467
LGLOTKSCTEMB6P49,16348
P8OD4I7O48IIT075,12615
EPH63HDJOF4OEI7A,4083
OSE54487LKK785N7,6642
CM86GGDEM847POP0,8293
9A37DQL75EOJCAP9,4925
B9LG8M40F4MN9T2O,18331
REAMHFMQHPAKKG2H,14782
3AL4OPR9E50I5N45,2109
EA97G6JB53JJ9ORP,17980
303BLQEAIAK047RO,9738
334D4CK076OP4N96,7795
4E3P3T2DIC15JO4F,13047
CBNS13FEBPD22GEF,11210
SSO6LHSCQEPF1LDE,19348
DR4C8AI9TA2SHGTA,18197
8PBLA7COQOC1C3NK,15392
K2D5B8ODHJOBFBKJ,19817
6LRPH7NSL1E9T859,1097
JSAAM10Q9BG68TSC,8921
EQ4CEIIS5EEA9KPK,12562
2ECN14ICLN4SFI87,9777
R8LJ9BH6948LBSKT,18084
M2DD5D1B45BF2Q34,18222
E4D6ATS14GMDSJEP,1909
LQTCFF03F5B3GDAG,1504
J5G68005M1SMA0M2,204
8JARER47CCQOQCIS,13690
LCRQFABOT6PBF3BF,1980
4MHL820B2ORS4JEL,1031
KH89RFPTP6DQAAEM,15933
SBCM35F4B45NB7CO,19779
K2HPN1OI1TNR62O8,313
KOK82KBJ5LK34BR5,19804
CTE9M3LO89QSCRIA,14615
G510FGLA6BEL9PHM,4272
Q898FJACSPP4CEFS,7783
4HJD2O6LEGS1OSFF,2730
9CRA2J6NJ7RNAMB9,1599
E857DC0S7NLHMLOS,714
D05DPQC3295794B0,10710
DFFBMCE2QPBSACIF,9767
G2E566N7M58FL52C,4385
564CFJH0GHFK6DN0,17111
G3N4E9MOHOB882AN,4551
G7M8I7Q6P5A2G32F,9191
QA7PAMOIO9EIAE8J,12874
6DMB9A1BO321CSHI,6223
N1SQJE4G8GDH7S61,12350
2F5TORIJE38FT0A9,15130
EA8CTL9IPKNJK964,11801
EQK4JLRGAFQFI888,2510
FC0BOEI2GI2JMBGT,8111
6JC963NATIPJLL82,39
2A958ADDQFE33I9T,13215
N9OBEKGHOO54RIN1,6795
ID5KC0NHFKP3MM07,18626
FOJTREK09NJO2OON,18536
QNM493M86HL94MFT,17241
ROCG43OA921P4HOM,15990
90GS6A43NPOH6KBJ,4671
0QRF0M1L9OMT7CNH,4131
94RNE0JEKFMQR9G2,10494
QOJNDMTA98D50J4I,1827
ESSG99IS9NDRKC4L,11218
K3DGE19E3CGRN8AI,18398
BISLO11SN6NT0DGG,10388
D1MCMQOCI3A69KPC,2975
7A22R01AFMFF0HJP,18236
7036080SN589BLMD,4284
ERT6RSDPQ14K6OQM,12838
1PIK0IE9JCBLJMSN,1712
0OSKOGI7OL3D748K,18916
PFJ4AP21MPQGM9DS,4443
SPJRAFEG7DIJCQRP,6514
28GF1GR3MEODBJ07,4047
23N77S8PHTJJ7AJ8,17875
BQMF75J17RPNQPHF,5372
R05B78D5DSD1AQ5G,18826
4656G0ANM997I365,2557
SB76I03CP2S6NSBE,12410
EMD9SPH0K6DHP936,16416
KR79O270DBHNQTSQ,16123
7COJE2B8ITLMPNOD,15572
G1C5LI69TDPLG6S0,1615
BRI58H4NOR6A8QCD,12382
T0H61HT3A06J51G7,6467
57H72382Q727QTCH,12178
708BD5Q11LJD0S4T,3068
AF6KICSCINQO6152,9853
NMHQLB4T90LS73EG,3324
308DCN2FJN8EDHCR,364
IC77SENGT2SFLJP3,19489
BD3KMP37J6BC9P9D,4633
JATEJNE29J0L2H4S,15886
2E3KEPDRFPA17RET,6710
0D3HB3GA10FD6H9G,1369
BLC1INF1KND9K94L,4217
13NK37DS2RROC1ES,15480
06MJMO791GMB6Q41,19418
2FDCLFRK0HJS8QTB,2226
R3QS4GDHTIF2OSE0,12625
EO7Q12MM6KS8C8RA,1280
C3GGPB9G0SG4TGBQ,10933
PNHR8RL0GLGH3LGN,7622
I93IS0QTO39Q1RIC,12121
O9RDQBP5TD9FIRL1,13513
BSB8NTTK06TMHSAA,14937
5GII903G1JGR434P,2783
M3ARGSFJ71018P24,19079
RGHNJKO5QAN4QLOQ,6843
851PD431MGGLOLHD,6261
8863D882GS3JD7O0,3243
AR7P6J1HK4GJKJ3L,16798
D7357S88DDOJQBSG,12099
5QQ4Q016R6NMC3BO,17661
DCP16E9I72187GHP,3164
SP7Q88OSR85IN4NH,28
J7ETFG14IE6A2BIR,15403
6K2R5ND9MC59OE0D,14128
S1Q8EFO38RJP1RG8,18263
S76FS18BDGK1PC7S,9215
9H128MB9KAEDPPAG,315
GKTHNITTJO60PM5R,18220
5IQJCQP6252D5STP,9655
RRNADFB23CEK3EL4,9435
6BM80OCROFCMQR24,4504
0N83TC3BREHK0LRO,17184
TNE0QIBP1G8N5HGD,9655
G7JF9P3416DHNKFO,8019
7RF4FK1EF83FH1T6,4363
ET8D1C00A2LPTBKA,13680
6HHKQIR5Q2Q3QQMF,10493
87E8G855PRLO83M4,10320
7BTJK0PN6PCS86GQ,5049
4EM05NO70GA7QP2F,16046
1AK58H3MDM4GEHIA,9711
5E8H7OSF413LA2E0,5958
LCDL87ISTJGGJ785,13348
IFTCKHQ74508BB6O,4730
7K3OQ59E54H1RRI3,6333
E54INP46O1DM3E5J,8371
H57GGH81JLBHFKRA,11965
J15A4LAF72HDAD0I,19501
PDIM22RJNB61C8AI,7491
2CQ69D85ET18M586,12536
I1NQ1APP579C77CL,8071
D51OGQ93AQR80G9K,10367
QM5H2FO0C9B96SO0,19815
9QO3HG33KHAN8KNC,4622
31AG29GK235N5B7T,14631
0674FBE3GG9EF5A9,10435
JCHKH5K1BEJ83IO8,17626
0GS4DTJ545AJC5P2,13000
JR2PR8DCAKF1044C,16734
DHTCG80HMN9284O3,18553
PDQ5N77RGIC1K3O2,1475
RI9P6KMBSRKQ1FIH,12124
CKMI4JMS0B931N38,19809
50BNLH33TP19IQBG,17150
8GJGFTAR5DF3FDGP,4531
9F1I6ADGSKQ8G79M,13165
IG9DIPQRDTOI9BPH,4928
PLE3PSKLG2IT3H3T,17898
F85JRTPECOJ9396L,13709
PS2CMKSI9FJ3FIP0,13935
8EJJFI1FN4PS9AJL,18548
02CBLI3E9KQGKNFR,19097
QKFSI9EEEEC3R00F,19844
I33K2RMCFNN7JEC2,17394
SRN1333JA3AN1QQK,11361
O8RFDDAON90MD79F,14573
1RGGOEENCGEQSTL2,1954
537I074DQ8ETSDEC,11374
0401QB9BCDIOMBNG,10550
R26BLRROGAI70178,8843
MFG29QSJMM33R35K,17163
BORTHAD40P7PBKSB,5243
6G35SRIAK2JE6OTN,13953
1B5GPBGGF67RD4G6,14069
SD4SACCDQ6SAGAR7,6967
HN3HHA4D42LTM79S,51
K4QTIM9ML8E0G7F0,765
LE0DSR7ID5MDMOSD,10813
71QC0AMEKTPC21CS,5000
00406GAJ0LMI2NDM,3074
56KMCBG9A8H5983J,2471
P9EP9HNC4I57F1T9,15844
DJDSPT1CI4DB1ANL,6670
ELS3TNJF7B537R5I,9737
B2THN4LICNB3GJS3,17905
LD10SMNLM7EG1SB2,18354
O3R590QD3P6I5DTG,19543
6RINDLM586PH9T7H,5440
2KAQFL31CQ962GH9,16032
62FMKHA7OBO6RHPC,8227
E8C7O1928STAH5RB,13402
RJ0Q9F0IPHMRBAJC,2537
8DDSSE236BRGSFIP,14561
860FO15HB79HD9IS,501
QPI6I1QH60QP38I7,2447
7E7KQ4KECP63EPRB,8869
PPR1T1LBA5307N3O,8133
FIFG42OQGKGN8J6O,4949
291CF1039A4I1I85,2573
LFQK759M55NQTT5I,3449
M8M0I6FKDCEBREI1,352
1N4P1O8DJGO3NGKH,5061
MQMECHE5JF4SP4SO,13883
DKI8O4GHBPDI80CF,8228
GIDADFO3DAOALGJR,17846
JC9SSASKNEFB67MF,5293
0MENNI0KRGI47O37,11456
AD8M1LIEBAGHCRHG,7798
6NJQ6PD66CFDJE7D,8415
ME7E68MCPFOFGPTB,13549
Q1DGC3270TOM9117,8222
1PHMSN777IEAR1OR,7743
CF73T8R0ROQME6OS,12184
68533K85GOBDMH58,1557
997T33J096M06MI8,15379
F4QR63EFNDO76K9C,5951
7M0LQ3M166973QIJ,9043
TES0BDCRL8FJCQIK,6951
TI6JD20PMLMBAC3E,8314
3TI8EPG3O0C87SPP,15517
IJ9B2F8D9L8705P1,12708
MSKNN3H01EQ6J5H0,141
R84N4L7B47BM88H3,5292
26S8TG9LAHC1HJNS,2372
TNO94EOBAF7S3LRL,12481
JPLFHKL89QDBDN34,1141
7J4LGGA94R4D9M04,19271
QSLQEI8BAIQIQFBS,14895
HLC3PGDMAQ2N6I1L,16316
HF4TJHSAPCIALM4C,8050
M5BETLKP4HAOMENA,17086
MRJQQKSFS0DL6O9T,6614
9I2OO51T4F8TCN8H,18331
1GO04QOJ7B2CQEL7,2911
RMBH795LOHLHL9H8,2404
728TT7O7L0KRBJK5,14771
38RP2RH76HQ8DTK1,14432
OJKCM3ECJB7G0M2E,12095
LRD1DCK7L0TRQIQG,4674
RGHR7OGHT2ACCKE6,5004
319HTTN1QJDN7IRC,4665
K4AGL6MOETROTJS8,14317
S3060F6DN40SA1LB,18472
H4R8GESGSMIFNMDF,1083
PAJ3OM3LC2OMPGR1,8380
8H6BCBHF3J1PB6Q4,18208
S6D4JALQL63MC456,7467
J7Q5P4ICBRCP9ICO,554
99JECISO7D5CIKT3,15019
RA6S94D149S3IOTC,852
JNRLSOFJ48DKGI5G,13558
LDGTQ1HIIQPTRL7Q,17450
N5AAFR29HI2285GA,8702
LS5LK590J2H2PELE,28
6RD0BM1RHLKGCJ2P,12395
7SP464J06MQ6N7AH,10679
RJIBLL8MS7C7LIPD,17583
731M4BRQE6QLO522,9609
L8P22L11CIS8639J,7819
1C1OBO4TFAC8HP6D,17124
RJPH047BKQ42FR3C,1255
8OLHCKMGA2S157QP,2423
LLKA93S2S53C3320,11089
FLRPT3JB82H8DL3G,15671
E7B7CHI462T7LPLM,6448
6JBE24TK6RCO8GLS,7601
P12ADTD01NCMK8OH,9239
2S9758BIAEH288H8,267
E9RBK51RN8OHSD6C,9533
9G6HBDQAHEELQ09E,19198
7C0DKL09BM799P32,14496
N4KEFINB16DKHBN1,19515
PS9CIGE4TTMKKQGE,1300
RG8S262RQDSI8NHM,12470
FS5TE18BF64EPNHB,7941
G61KDF1CODEP61K2,2822
0CTI742QMMANCKP3,7703
25MR2QTC3QO7QO93,10499
8EOQQ2EQLPJAQ7MG,2358
K0OI4ICOBQDLIF7S,2591
4A7JFSR1P3EHA825,13278
D4QB1HLO7QSBDCLL,17235
C9LQ2RT1JCF9TCMA,5350
RFEBJ59BQ324MM6H,18411
F2B7498GED22HDNI,3671
75LLBQGHK5T95O9L,12218
PQP5QOP7I16RCR1N,12353
CFHR54N9SP3057ET,8540
MDDBB6HOOOHJ729B,8204
B6IEH49F2FGF0QRH,16062
2GF6L6SETAQG1S8I,19150
6NR00EJ46696QL8H,11865
F8JEKC425JDBKG1R,13711
R15DA7RH69C5S6J5,5040
BSGE274FHA35DJR1,8015
L87L1H0KP0P2M000,17595
MEL1G84L5CKAEK82,3847
J32IN9TMDO4I1GHQ,3246
77J5JTF56QONRFJF,15334
A1D8AMP306OPH2ND,14807
GADEML56TQ0NR1OJ,18523
Q6KT3FDB0QK9LL1G,15454
OPPH7LJFTSIPERHD,8758
GJ109F51IQ0T71PC,9545
8EJFH1AAS5T8C17R,2358
23LE9PALBIPAA76D,11884
NSODNEDBIBFBBEA8,3963
OPP959346JCIBFGM,12322
E3OBN43JIQ62B5C4,16891
Q3RKSLNMHP1OHG6P,64
CHD5CD7L0BQSA02E,1006
06FCS7PCDKMM33PA,9549
LRPBD8KGS1CN7IRG,18048
9TDHSF62ER3MJ724,9763
Q24F8LJ0M94KRKF2,9448
7QIC8OIMF3T2GL12,14710
HDB8MAB335LEEKOI,12409
NPN0RNGOTFLKE3J7,18524
BFTL94LQ76B9ARJF,12469
0H3OGP26SCRC9T10,16784
DSTC6IC7CBS4QLT7,2143
2O8PS6N9QA6L3FI7,4823
3O93QOMQD2H4DK0C,11619
P558ESLBFSNLOPBL,4105
5KMNKS9TP65DN453,16901
1SR6AQ77E4AH7LF5,5378
P2FD3CCC1RCB2SCM,2072
EH1E75HEEFB0TB7K,4951
94QFKKNSSDT3760N,4881
F8ID6OM7PPG7SQD5,15076
HGTQF39AM919KK1N,10317
T53DR5OADGM6F9H3,12956
C8IKS1INMP5FDJHR,19569
Q1BGTRE7IFDBSPE2,4880
9S0I86CMOJG13S6H,7180
HNI26KG69LFBCQ5T,15599
2AS3FMHJ0I6Q3QOF,2463
C8GPGCL66ORLBSD9,13162
F8ELHMKQ1JGKT2FL,9676
DP8MTGH88N1HL1GC,13474
845BRPLM0FQCC0PQ,18918
A2A83H9EC0EMNFDE,10022
NJ9FLPACGMDKCT1T,15362
P4P76NB9CD74B08E,4563
50CSS64TGQ5L8AED,5605
1JPBHKG8663SI9I6,19291
043ML37RA2AICSR4,3314
F8ICPN2E6AGQGEDG,19610
5S3JIGI8KOIJ8681,12970
H8M8MKC4G25BF5TA,3619
20IGCMQR8RLN2DEF,12218
TREME0T184CRGSAD,15777
HGT5FT9GN8PIO33O,8891
R3TPRN2BSH26SPJ8,1328
7OO1IB2SBH2RT24N,4232
GMIGSTLELNMAJA5A,15669
7OR79HPBMLIFDP63,5273
DNPA634GRHRSO6FN,7564
5EGHQ3DS092N3LK6,13552
9TKA61RE995HR1NE,9626
H40BBKOBC50TML44,5297
29FA682798OBBHPR,10017
0515PKQO9O9QLA0P,4689
FL3LJ8JKK15NJFI5,6300
8NPREPLE59DBFGO9,6991
KI26OOBRBMJISEOG,17678
EQMH4JF2RMNS04TS,5677
SO11JSMQKSE0AJ77,5403
1IKQ25P3Q83KA42S,1167
GGMMB8JNK74I9H0D,10150
C1OLJ5MI12DD6CRN,2726
LQ3ML3B1HSGRSDQ7,16158
QQ2PL1JGR40I8PS7,2730
OCOGEA3QMG2DBKKF,6475
616IF8DDT23G9LS1,19375
FA99R8H6IFOQ01F5,19656
SSH6KGKK1TOQIA2T,3619
3H68P6RARN5O45D9,2267
KA6RIOB33P76JCM0,12165
6HNLFOQI5MPF69RJ,5741
5LO6PMAC2J7SI126,16083
D23TLLLRM828ENKE,14048
EDQTC5E8DT9NF15A,4682
A0KHALK2O746TJ34,8304
H9Q20144H13EFT3M,5506
KG5PE755Q0C18TNG,8799
P8MO8SEP75PLILRS,3523
QI3FKC28TT2NPHRE,9454
48QOLSETOQE496IB,5126
J5MLMK72P46R9919,5350
4S6R588J2SF98LI3,19291
4FAKIPS99HQHEC85,5766
TJDG1ENQ4QTTJP4M,6475
QGP9OA5SAMSM9HT1,11738
RE83EC6A2S97LL1D,10052
9K6GL91J22KJK6D8,12911
H3S2LGBRP5N14KBN,9381
HNTNB538C3KON1IN,18653
B0FMEOO0BNL2EE2N,13965
4HP8JFNSIBQBDK70,2022
7NTJGJT768HGBA0E,4374
AE5BRORC2B1K9PA4,1376
I6ADQG7QMEA1MI2B,92
JMBD8QC3ROLDMA9D,11523
8FGTD099789512FO,4520
FQ43LH7817GO0EIG,16698
1GEC2H1HI5IDJLDB,5861
DE4S968ALTKBO177,12993
TH2RHKNLF9LEQB4L,11241
QQAIHTC6CCP6T7N0,7676
ILT3O030FSSN560F,3711
6C8R7DI658F4F6T9,5253
CMHBFDOC82JROOLI,16247
8PA0CTFTQKI6A16R,11113
GP9KRADHDA7N92DS,10129
14J3IS6RJO0JRCBA,19476
0IK9CJ3LO147FPIO,1696
DD3C369SE2HE69CS,2652
OTKP369FGNP3OHKK,12650
D4EMAB0I3DM6D1LR,14230
PLBB0TA0TK39RBFQ,14349
E1T05K4QFA0BNTP1,11347
LBB0CERATOTKTL9M,19033
6KAEFP542CF3HRIN,5337
95RCGPN5HOB6S227,16359
7TLPBLBHBH9DH27D,19282
1TA9HMP97F16H314,2375
LANE0LDLCF9E7PB6,3686
16L94KIP08RHMA4Q,423
GT7DOR091S8A3ATC,6931
4181SII3G9R55GP7,3229
ON2DBD71J2RSSLKP,8186
8EFIP676AS7MHLH2,7465
QC6BEFKI8GN4OOLB,4088
KG1DK5G2E50DGDNL,6608
1TQ90R4D2S73262B,10801
DPGG5EO25TOERSCP,17295
1CH55SSEJ128QC67,5108
J727THT54LJBPR6K,14175
1E594BRO3EDNCPN3,9692
81I8RJ7MMBOA5K52,2453
D08H88QCG6CG783J,15957
K1O4RB61H48BO8H7,3036
HIOEQRD021NOTM60,12439
JT8CCIS3T6S34TN4,17220
S769BH70R9744COH,4486
3PL1I3NPOGTSJSK2,5538
BI1IFB02BDMRCKAN,4763
9SJBRGAK9SMKMGS6,6531
DQTHIICBDKJKOA2R,6138
8607AR9M903Q1T63,477
MC7FMS5ALQ6N14CS,7057
BJENBPMQNHMO1RB7,19983
G788PP8MBEJTOJE8,15295
K4J576H9FSRQ4RGD,19510
ICDECHA43B5RAOC7,5002
9R7LQBOBSFB7EADI,6530
8OF9599ID0I624PN,4268
0DPK8O100960D973,4665
FLHMPKHNQIIG6MS2,11340
3L4NG4LT8N2GPIHI,3545
RCFJDAMGDCK51K56,18185
03I1GDQTJ9EOKGG8,902
NAFQA4BTEDITPDHJ,16594
1F99OHIH3G3J0TJP,10670
NRI2FG8O1Q8C8RFL,8938
PNJ83ROKN7298KE0,4586
NH10IMSO9PAH6EJL,3349
1ASKNGRCAKF0K2PB,5998
20H45TBMJTJD48CT,11027
046NI3IOH90L5SOA,19793
CLBDNSN1HM1GAT96,17881
569QJ8HQLP5I20SD,14523
JOK7KKI3BNA60MCC,9438
P4BEFMPRP2FSKRLE,19014
R1KO7GN4KM4LQLGE,15654
26AFCP0MA598P3TQ,10122
1KDPN9IPJJOO44DJ,418
C3CSR6062HQ5GJOE,1408
40P9S2BAP03DI0R5,19208
5NHOSK3JJ4J70J5E,8059
BFNBMGJ4PO6S2N7B,14226
321KJB1040E2KO6P,8612
520LAL9IQMFFC5OD,15136
IE6OC6GJBMN6HNKF,6627
6FPPBT8PBS1HMACR,17945
QEMJH5JSN3462GQQ,18023
4QI7977P7F30LQO9,19201
HM0NQR2185TNJD5J,4632
11B6HCHMQL21KTCD,10109
IRIDQEKNAH0RMNAH,11980
NKT64JF3DJ0B9BC3,2966
QG0OONCSGDJDQI52,17348
G04RMD08PC3JFJ1Q,19172
MQAB9KMCBKGIO2DH,16259
4O45MHL3DCF7C8BI,9621
PH2ORRA1T53A3JA5,6518
6828M9CMP63EOO18,9590
8KHBNFT6K5NIMGTO,16450
7I3QCE5LMTMS0CR6,9002
KEB657GQ3J0ESOHE,9480
R04CADKICJSDMRQG,19801
J9B5DB45FDTCBL03,4399
KF826PIP0R9PTQ18,9579
48OODSJ43HE4B32D,3899
F9K7LI874I5APSP7,11314
139FJPF0LEH2IAKT,14464
22AMFC8H4O9DTGI3,5392
RPPQO842CO6R8567,2608
87BDBG7A0L5ECHN1,5124
LDSIIE2I684L4HCI,11349
8KFRDF90KT0GNE47,700
D52ARKLA7C4F4129,18722
PCK5GBCTHR7PDKDO,16225
RHN6SI1TD7HITPPS,14486
IFTME3445E11E0S5,4102
RA1D32R946PMCR82,11739
KTFO66JSHD4743IB,7111
FQ577HILHCFETC9H,12036
92NTGSQ620I0G43M,11503
NTOQ2I9ICL8HSINC,7367
TA0S5DT743JNOR7O,12598
O89NCJKCFD3SOOQ0,4730
7PECID5377KRNFH7,16765
8N7IGEEJNDJADO87,15028
5SG3PET4LT2FMAML,7366
R0OOTFIEPSECO06G,19954
LMFRB85GK31G0IJK,4174
2JJHSS8P4OE30ICM,14844
EGBJJJEPO49RFIO2,13972
I1A5LDSHG5R435CC,3121
3INOILG7L20K7CP4,14076
K8J0235SP5P4NOBD,3814
QK8D0T5ACFT56DJ3,19701
3F6BN19ROFDMCBL2,4577
2B4KMCC52I2586B3,8106
06MS5958QP12C4BI,17843
D31O9E4QKBK65GHC,6645
HEP81K7MPBA5SF4M,12883
8JNM212DHQ73N38E,9577
APRAEQNNPIAK2G0B,2272
QMQ3HKAM3ILCMSEL,5538
2RG0BPA2KPED7FBM,2975
12RT5Q3HB9TRG88D,11372
PQKPNBO9SIQSO8NJ,8099
1H19T1DOPLNM4TKM,15703
1QTGEE63JI8PKPJI,2521
4EHGQRG6742T1BO2,6431
AL2PH2JRHI9CQER0,5362
IBLNRK3TELQKHFL4,3392
5J6T9C1FQLE2K7FH,13827
SLHAMSSOELIB28MM,1233
3DRS0EF9SDI9TLT2,18464
F90JKDRCM6A7EJKH,16704
6ABNJPBGOO22BH8R,9663
EDRNI75LIGIJRF77,13033
KDEF5G4ACBBM9TAK,584
O18D1T7DBLQH1MC1,8549
MI1SCABOR8I70PRP,3187
NF6I96PEQLMCATFA,18289
SG55EMCACMNH4NIB,94
4HCQI653MF5CGKOL,4329
0524P5KA15AF11TS,7509
NM9BK44CEHDJBAFH,14411
AN3SMF3JGMMON491,10474
NO0DT52980O3ITKS,7248
3GSR025RP709CMNM,2326
L2M4B7I5ESK4RD8N,17584
GQ0CBJ5BJSSS6TSR,16524
39TSS99MFM57DEAR,14430
QGTP8M37DF6MDAT8,911
1F7N75I7JT8T72ON,16127
MFK1585CC73E2A4P,16426
37KPISEK6JL0A8EA,16397
GLJ11IDDOOORELF5,551
F0C962EIP13Q0537,2270
8D0E94D8M73S4JPJ,19648
6O99F6N5BP8EQKQ0,12648
QGFSKPNM3M5ACOFK,8223
9QLSLTA1AOPRSD7K,15233
NM2BNK33PBAOPAF7,4502
BA3KI113NBDTR4C9,8911
6T89LPH5CAIII9B6,8692
FSS9TECR62O1G320,18223
KOKJCH5MKCGF4E4R,519
9012R3AAEJ4A8MM2,16524
25B3ALLFMH185CRH,10775
A6BDNSJRMJEFSHIJ,1277
FQ89GPHLJI6P8AST,17493
NN19BKEJPEOK4CON,18530
0P9O0151KA4DOSSA,15323
4OC4DS18CAICOA34,1844
JO5Q7GDS14DDCQR9,17197
GACEQDLHFONKFNEK,1355
Q9ENBJEH5KMPE6OC,16022
16CKEPGJ3SHF1LOL,9856
O58P42G2S418F4J4,1659
APJT6MJGM6QNR1MP,11034
J7B59G4A6IR93BOH,13235
2O6TAREOCK78PB0T,15585
MOJODQCOAO8RLHE0,14387
LGG2IHHLSM7L4SD2,3162
S4G8745LI9F2QCKQ,18594
DBH0P8NIE0KNI5BA,1628
S948Q11ON21N6FM3,12351
QS3ANHS7934RAIE4,15385
1LPASFQ5NO6L08S4,5600
RNT8ANM3GA3AFQJK,12843
0CSK31CDTJI0K5DS,3737
K74QTHQN13J02HNA,6799
GA9LOI27T4ROE5PM,8941
6TA6I8S5K6EEKQP8,7759
D4IQS5N2OOIPS7NP,2525
LLIPC8002099HT2L,7175
RH7I5KBSTPL41QLD,13254
HNPIL8D6NJP6G68J,3770
BC7N17701P2NHTGE,18799
4LK3I55R5C08IP1R,15791
EOLNTQA9F1HEM40O,10950
KNQ3NM19KDQMDHGO,7704
CGG0NECC0POGJJ0H,19235
BAMHP13MD6FO1O5R,6198
5C0QTAQP86NOEPG9,17894
NR4PJLQETTHI78DG,738
C7P6NT9BG3HM44KM,4391
JR9MM66LII41OTHS,9909
1JHPMQL6C91N1B07,19780
90TQ3KDJ9HS3A3R5,10675
IK3EEN8JMR8AF0LT,9609
6K4919KPMCFLJPH4,18623
G56TB3SQN96I45EA,9069
HC7MKRJK5CAMISE4,2777
MF5CJKCFCGCT6POS,2477
4FIFQFQOA71KRL21,14863
P96CKBT9H664OG8T,17335
DTSBAP5SCBCA038P,15724
O2TE315PO1QDRS05,2169
A8OE2GOE60OS200B,12339
NAFLLRCIRP3RJICH,10911
SPSFLPG4LJIC81BP,7804
QGDIAPD49TTGN00D,1838
RKLGNI0RFRC5640F,9311
JP0O5J4EF3MGD8G0,11064
NT567CB04N8AQ68I,19403
7GDFA7L393RB7T42,8545
8IGRD74IPA30B2AJ,9314
S1NRD1H2H1KL6P1R,2562
557J60M2DA1BF1H0,18562
7KSFJMTNR83CTMD7,6459
8CBECQO50124PLGG,18281
MSORS7AT4PPNRELM,2531
P9MRQ3AI2N9TM8CE,2047
GISKKTMJOR0S5ARB,13443
0GG2J3IC6LSK2CTL,11015
I5FR4FQ41P2FA207,13445
2K93MBCMNP20TRJT,1217
79TQIMD2G6M8C5IH,3201
Q7Q64FK8P0QDTE12,8488
F49HB922IC6D7I1D,6452
SS8PK01IK1N0N1B9,12070
FG409M801PSIH09Q,2036
S40KKOMM01GP0H7N,2023
LQCOER3NKKP45P2S,8180
7HIP38R4ERHKRQIN,14799
CKD2GSATNCFLBCCP,9672
FHP28HDFPRRI7GO8,6882
IBIHDHJBK4233PCN,7661
AISBBQH5C1FQ1C1P,5186
LFD90L14MTLSS8TJ,2195
R17QJH41HHG10KI1,16783
QKQD78HQDJSTSDKH,3792
SOG17A3S8Q63TJM2,16209
A793QFAOO3T1FSHB,19084
IRH5F7EL76SCK842,1992
3DM8HHJOGST486C9,19643
FNAP62GJHP615JRL,11094
B9ANAJN597M4TCR3,15052
RAEPHR7EF7L344BR,17403
EHOR76MN9OL5N6RR,8784
NTNT17T509B397KA,1013
4FSDFOCGME717QNJ,18148
OT8REF17GICISBH2,16140
PTQBOIK7J18F4S8R,12754
OS5QAGFMMF4PP9RN,16563
MA6MQR3P8A37QO80,12031
6B3DBABFP05G7IBG,812
G69FTO3NT2TGCNC5,15777
TL0QF4D49H6H7PQC,3919
5GPEP7GDG906210F,4389
TE6BPDF9C0M93DQ4,9321
R0Q00D28R163C4NM,10577
GRHOTGCHTTQE7RR6,15053
9HMM20L72GRA004G,2019
H215AL22ARA78EK8,17900
FND34EDKS25ASPKS,6386
K8035OGEGKQ3OMT0,14208
9D95NL89ATS7AQ5O,9893
ED73B06L03F2NADK,16061
TN7H6KJH162M8D6N,17270
61HH9065C2I15E72,11082
KM17LS5F4K7AQ9ES,7729
JP4OTINFOBLRMBGE,7588
PC02HHFALA0ALJRP,13579
DHIAQ6H43L496RQN,4580
LOMNT4EBHHOPFRNH,7337
A07BIIGTQ243E5P0,19292
4R47CPD87H8JA4ER,17347
CIKHGO3BN2LOO1T2,5600
TT2RDP9R05N6LNN7,17817
Q6NJNCR63P33KKAJ,9446
SQ2N288JIQ4G78J8,17763
MKGC4IEO6ATCF51J,15476
OGKO0HF2FHB5Q6MD,5760
70PCD531J1D4JR49,1269
CTCPG6NIO6RI8RGS,4161
GBLLAOO0SR0KGAS0,6918
P4AL4GQA4LRC8MNS,10157
OAR8715QSM375I1C,18084
CDR3KL1PEP90EAJK,5887
FCLA2L8094PM2GJD,6755
0TRG4F5BND1A7537,2869
L6EC3DSF17CDDKAT,978
CBQ7IN3RKNSKPCSC,8000
2ADMT0S0M77H4B8Q,854
PK14IKGROJ3MI54H,13317
1TLCOQ9C21Q8LHCG,930
2L4S18FKFTL3ORHD,13703
ABIOLRL5L7FIBI3I,15963
DO32A57MORERL7LM,9505
1MM1LDG43EDDB2SH,19814
4N2HD4KA5NRGKATE,17624
G29CJPEKIQ1PBJTR,19284
QT4OBLFNH5F3O91H,8895
294R4SDO9L4D9B09,2922
EST0G3L0FI2BK962,11060
QHP043E8NRD495RC,8211
P8L3L3N2I98I59HB,12849
KB5GR6FTMO6HAAG6,9146
DHPF29CH6P6HGHO0,10664
PRMGKKSFLL6AAQ7O,15151
BCMTR1MNEF4TD7IL,6792
C3HTE610SNT0MA0T,11648
IH752QGRHSA941ET,9678
2BMLITFHBA2LSTSM,2953
JNP3S3N1RBRF5S4G,4197
OLPPQ1CIRIRP3O6B,8555
LFB3DP9E7PAR9TL6,11532
BG67FAE792SFE131,2447
S1P14QCJIHOMF30Q,1617
H3L09Q7IAIGAHOE5,11280
N8HN7GJHIAHD4CGB,18126
AERMHERAF7HOCDH4,15347
72CRTEOISQJIMACS,7087
1IFP2ARFOQPNJ20R,1507
TJB53I3G6KJQJ1JO,8817
L7F5BL0TLKAJ5610,13904
HMHR9SBKF4BTLLTT,4866
DAM9CJKTH02M8HCC,10831
E20EK21FNFR6PLIN,2385
RCJP1Q51318INOC8,2057
EDIQT4T85EQDNDEI,17681
TRIGNQ0KKH7H87EB,18407
L9PMSH0DHL60SQRK,2762
4R2R9D8IPT1JNO85,12999
HL691PLCTL3TSN1N,14192
BE32QB394TDB1H6O,6954
LOLEFGJ5F5T6FT1H,703
MOG68IE9QQIQCPKR,11519
95FQCR86583H4AEE,12754
QOIO1268OC52AEO4,18320
KK658MHSF5N61SBM,17245
K1KT59D214FF5D5F,9859
PGEJF3P1G6MQBTJR,17868
L9E2T9L1H7C5F4FD,4569
PM48LSG6GAAN5S36,13496
7AN54S3LSBAQQJA9,7985
D2LQHF5N20E12CFT,3245
7SLIKJFI7H61LQL8,10054
IRQPMP0QJALG0C60,17554
INJL6EJHK7C5EI8P,16573
FAP6PRFRT13KO752,694
B21PL2T799RBGI8N,8628
3BC0181HNKMGRJ55,14711
5J9PO6S754OJLFNK,15137
J5HQTP4SC1E5816D,1180
MM7CH4Q6LJ7BANMP,15128
1B01M373TNKR9ENI,3325
QAR3N2624JREABGM,13201
JMJ6LRJ49NOPM0EM,13387
M10A3AKF0HCR3QQ5,2616
DH8E7GDL59T6RP3P,4126
57NS82F60FD2ABQR,12003
89MDKTA9L70RJ0J0,14388
L77K122N0CI5D2MP,12816
2HSJIMPC3BAL12S9,2680
Q988OJHDS3T57OKO,9046
R5Q7HA2G0FOG60LS,11106
B7LTC6T5HJ14T3JR,6617
ENMCROSPMGK3GES5,19603
8F9HTDLR3AKTJTKB,9813
BOHC64ISG9EQDRH4,17144
EEQC2GT1SHTQS0GG,13790
AO72KMHG9F9236AT,16697
PRPJS7GA132OMTDG,12187
DFHG76OK2B7FTRMB,17079
HN87H4F19NDD2EQ5,13416
9A2QHB807IPHLDFA,1403
G03036KSGCT44JPA,5595
69LDQGN70RF4TT97,13863
CLIGMFF5JOCCMTHK,12934
O6DTNLA9CK86KDED,15597
L0TND3IHHJ152MI7,14516
RPISSTBGR5OQ0727,12803
Q18E7CT5EOIQ58LE,17751
EH91RLKD6KHI0E6Q,18776
HOMS2HRSMPNC9AOT,14871
3G66BA81M0K9P5H8,8504
TS6KKRN5D5E1RT1K,15966
R6BA481K0F5FOB5S,17337
3ATDOAIB388H82I8,15725
QA6I09LQ26JLJ7IS,1849
5I4QD538ODHNDSAK,9686
9QT6NGT3ELRBQSJI,4480
2HC00T4H9EH47771,2795
MEMQEMB6175T7JNS,2353
HMJ4SF67LCEF1BBF,19898
ANAFC0HL8HLBPFPO,16372
CEKJDS170GGTH2GD,15002
2AJT61LO2OEQ9OD7,18730
QH0NDR4593S3MFK0,17276
CK38JP697HBSQQ3N,10112
OHIRHHQ4GTHJGENO,10308
07DGD0F6AP42534C,1136
30KSNEC0LMNCG1N8,5923
QL75S601J9DIT015,19252
F7J2OI83ACKJ08PL,16605
INLCSSEI6HIP5GE7,19303
H50R8RR802IABFJM,1826
SR6CAO8PNMTACF3K,15159
1S3J53DDJKHJ9NMN,4532
ES748ODM4THO8E1K,5331
LMPCBIP0198SC6N9,3611
53LNT2CPOAI44B00,6386
TGRQ4MANGJJ20E7F,18784
P0C4LG6JNCDHDSJH,5678
HT86K57HCDTO5T1H,8961
41D8OPDRIQH8MKS8,10731
02M7P2H1CE54QESH,8989
2N418OGKRIO9P2A0,19996
2A7HO8FKB376IDFK,17247
IAJBIFR506MNRMLM,11169
S7TRQFJ9LRR9E57S,16228
KICT6NTQ5MM6AIJF,8013
IOP7CLDP7QO1796N,16567
TPHQR9AH4J35SE1B,18133
E591LRBKSLLKDP3F,2572
LBNDL6894CSDH4S8,391
CG981MAG32ETHCLT,5748
A769FQMMTTENC0F7,15934
AFKDFSLFPHNGSCII,12826
3H6IHFOE4I35A72F,2936
N7IO7PODL8G6KFBK,9035
49N7T36ANB8MKN83,6777
HJQSFDTA11HDFRSH,4654
N1KB9OAT9R31PQ30,18027
3B7CLGSJSOBN0B5C,13777
J7HE15HAKNAADT6L,18128
GIKHHAO2949HBE02,5303
0JGM8CL8EQ9MBIEI,4384
14FBQTE3285OM7TR,42
O408Q9OA1S6Q3HP5,4969
AGPHSTLQLOHS5E7N,12982
L1NTGB907S2SQ06J,15818
LSTC2MKMH8D0HDBP,3692
SAI3Q837TIRC2C30,11607
11OK3ME2JGH1DLAT,7778
T16NQKLQN169R6T0,1471
QK2J3C86OFF1C68C,2245
NDG8AQGLFPE0FLH9,17613
54H7ANAJ3RFC4EGP,9605
N7SK5F434NFHPTIS,16196
PK0A4O4PMIHSBPSB,630
IM05IRO8926EEF90,18202
G63BKM3EHTH3Q64D,16421
GBGLQIFMD2SJMOR4,2784
H566L30IF30MQQSI,5286
93R9M3T827F37KF7,15581
1CFITI03RKOE8S56,16789
5SJFH33T1EKL659E,16858
IQQEOST8FPLSI47D,4861
P2AOP9T0ML2OG880,13126
78PF4AL2RLFO44F4,10118
CAN27GCNB569L2Q4,12997
S37813KT1R99S9RT,19031
B7OHBJLBOKRH0PHT,14202
2HL5F7HQR177PSB7,4793
F6KKTC9I70048E7M,18025
5KH1TDQT7D7HNM9J,1022
GGKBOOA484NB8T12,14182
5717MRMJC7R418Q8,12419
RSE7K5O8DFCETI37,8442
QJOCRNKP4JJ5P2AD,15037
TLBF4FESRQS79NMS,10296
F6KAOB09SK3PQSEL,16388
EA62HSFETOSGH1SM,14216
4COL7CLAOSJELG6F,8491
IOAIAHHIGR6F0IBT,2690
JPQ06GARBKPSKOIN,8768
5K8E2KDJJI16OKDC,14180
0NM5RRSB12ODQDR2,7518
J3QA1N72PA9HQ2QC,16702
F85EE88FKTIDC7AK,9406
FOTERB7C6RQ35NFM,15934
CBNQMNCCA6LNBF5Q,16666
52N5T34PK5RQ317L,1800
JE04BA73EAP1HBJF,15341
8S3E258KMJ79RN75,6713
AKICJLT207J79P3R,5476
7L8C2T9328DG6C30,13390
RESPHBE5601S9Q80,15465
H9HHO2QGO02R1QIE,6048
A1TB53PQQI4S9F47,16568
Q6SPB9R1PQB4FBEG,11462
7T7M5EQ78TS9TGKM,4159
D3R3KQ7MDI0K3582,12313
PJD6M4RTR9EE85BI,3853
9P86QSE3G1LR0QQ7,1233
5PODSD8JO2GQOBLG,18173
D23KJ009BHNJR11J,14547
9AMRCTEJSIK5AHKS,5637
Q7RHJL9A0BEAT0S2,12054
BLFCGONR41HN8J8H,5062
ANLKDE8Q05RPBF5J,18045
ESBQ5GL3HLHR0FEI,17220
P56E8N3NGS2QTPMA,9742
CSSHTQAC0AP6RQ32,5673
28N1S7EHM1QT1P2H,7909
6JN2HAECTGRO1I9S,3136
T1CH85RSBB57CN4G,1663
RC4J5OA47KDN5CD9,3729
B20Q1N49RL78PT9K,6693
C2M1LJC3M64398AR,1085
F6OTAA66Q8NCKC68,15705
Q9DQQTQBCO3H844R,7895
73M0MBJ0RCLJSMJ8,8068
C04J6LRDGM0NP2E1,10545
CG4S04KEK140L92Q,12571
2P2NCFJ9OLP8FPGL,2300
S1LEBREN9HFTRF6B,10348
3HMGF3LLC9E56DKL,263
D6F270JROSO3JS77,12644
N7GBEJNTID0N8HI2,18620
BF64MJD7DPLLM3TH,8355
G733PR23NFP1G3J2,5601
7IC6KPDQEF7BPQF1,19584
MSHQOSNS3LHKNL5J,15535
P2D5349FF0DOH2KA,11973
DQO9A11QDQPFKK73,11634
0OJIF4K90RJRJSBI,4029
QPHKO78MKGIT535E,6355
K602RK1SA76Q2D2O,12805
L3408H83THB6D0M9,7035
NGJBDDGMQIQ8AHOS,3222
T5ABBPDKROTHMNLM,5299
LLMBHDK2P94K8NJ3,10064
EIK1JTA444N58A99,1722
ILNMP9JGHQ38K9KT,19464
I9OD67CR1G3H6LRF,3130
RHOMNPLBHDORE0L5,17054
9G3IE388NJDF6QHF,19857
HODS36BSBBNLMDH3,18736
NTQL2F3TTRO9MLMB,9417
35M2CM344HRHQ9L6,1105
4421746G92389PSQ,4037
5EPB0KKHQO9ELCDP,11820
3B446TLT1NBNCD1J,12099
42IP603LPK4CT1TP,15898
MKIB6KMNROLOK64T,11575
SAN4LTRO6400ABL3,8592
PIANGC231IRRB6L3,7477
SOA4QCIEIES40KMI,5226
044DLMPL2LLEA4P8,5437
M174CSQN41AS4N08,14214
47DL99PFOHD6D66E,3417
FHR16QI528LS6FG4,3258
GRDNRIPQC94HHNE7,5796
6O7CGLMSOTH999LJ,3200
O82N0N592CA5EJTC,15541
BQET062S8PG9R6A8,1482
SK66N7R531O27F9F,1546
AIDJ1BA4AP15IIJJ,17458
ES07EKFR7PTH8DHS,446
HF75185OL6DPH4R0,17441
452K43NJ01ESNKG3,9022
N8DHM0SBG094QCMB,17650
1CDCK80TD4OT87TM,14808
334ORIGGRSDLFA6B,9598
1GS6HE27Q5DTFMPI,12236
GK7F03SHKIN7J00D,16518
1GD3SGEPJLHQIP4I,11644
IDIESJT9PO4J9BJS,18446
SOG1R83JCFD68RQ7,14559
FKSEFEEGA43EC9SI,6346
41O8KBPK4E0J0S2M,7977
SD9T2CM3P1M1CAG9,1726
6ME0R2LO1MBG3GTP,13590
E86N92RCHKLPQP1L,7201
NB0MSIJ5AFTDKCMP,17415
6NM74N523P3IS4AJ,1310
6EPELOK4PLM78T78,3432
O5GQI8P6KRGRH817,9940
3C7ONG65JITLHDBN,11825
P6G87D0C6OQF5C08,5753
0JSMN1029EH3AQ75,15047
78NKCJNC2QML0BD0,19157
FSQJQB8GO07L2HQ7,4959
357AN35FBEEOBS48,15759
OG70EM4IG3FG4CFG,2327
42660N4JSREIIIES,17139
ID3DA7GD915SI0AB,6318
EH73I14S8KCHCMAD,6436
B9LBFLAT3KNGKJ8S,3681
LOP9LMA7ACISMMK0,4420
6MRRPTCGLC7K35M1,6245
JFSDQTQK6GTIHEPF,18825
3M0ACQF5LO7A4JB7,18445
G1BMAENH4P89EJLO,16544
I76PQQ8E8CBDE628,6695
8JSHDEO225E7EO1D,2359
56EJQTJPE7TKTTRE,689
NBGR7QK42RIFOAN2,15802
TN8NAH7GREP7IC4I,16040
HBTSETSLF5KRD86M,7625
DGOAIKOD4QKC6JGR,9021
SRLTGPMID6EQN0IF,6314
LBEP8E9T9C91T7J4,929
8RATT8LHQ0FLIPO8,2555
PHLB353PONS1RHE1,10442
HBBGRO027QC9BBDC,2539
8RT7DP5SERSAF3SI,15407
IPK05SCIHT4MCNC1,8411
K43920RCBP6ENI2Q,10681
4DT9QE7QJT2FDKPN,17553
KJFEOLG31HF31BOI,15562
TS6P02CCMD13PQE4,15494
DBMSITE1EMC2E6SD,1567
S9HG10SF2PGGSBPC,15228
32GL8KC4P594HMAB,8555
E00TMNRJ1SA6GMT9,15227
9FOFT1FHB9TFBH69,8923
7643JKCCTBMLHMJG,1644
HM4393017H9HGO4S,5691
JLK0L4TEC9O6RIK1,215
AT45FRTMHIO8GH9M,15780
24Q9PA91SJT8RG88,10724
E24Q6405IG9P4BLA,123
3A5QT6KIKE4E30B8,6470
L68EP0SSTHKTE0HR,19088
JJL19G187DS7RD6S,8766
ANS86GB1SD69PHQR,15989
54IPNK2B44ND6DR1,9972
K029CFK7BFRL64O5,1439
4ESQQ1QPL8BEIB2M,14003
NBSEGTT2G8TJ7A18,16477
2JF5NDFB26L08S2J,16901
78E3S9T42TTO0BAJ,6656
JNCG2JMRJ91B5LB6,7638
5IQ58JNHE63TSI1Q,15685
N6C9LE541ALEQFP0,4545
AKA3K6LK7EQ3PH32,1522
OB719DD51N2E19S3,17055
A93K8LL60OA39HEG,4671
T7C0IK5QAJF9SG57,14858
G0E5CJC2DF1GR9H1,593
PJQR41Q3NDRD0409,4579
GFD496FRH2BP83KO,212
6CQAD9N46AKICCQF,9958
91PRL734KCEBI9DF,2363
LJE8A6MM7E11SA6F,4714
QFM4IG62BT51QQN5,4371
2DKC4RBB90BELAKE,4455
GECKENKRAKFJAAEL,1026
RL6JPNJ9G8PFH79C,15593
DI1OT0M6KI1NGH60,18695
SDJ9M00TSOHSTOGB,19535
SQBO5R8NQLPF12HQ,12110
56QG64PAAPA3BGT2,9545
S0M6DHHD6181R1E2,2570
POHR2L1BGO70ML0M,16443
K4IRBPSR4P00KIRD,4161
1O8G82J5D4A6E1G0,1448
P0ODMEIKISFQDFFQ,4342
5J1DEM0KMGH2J49B,8799
1RFHTI19CAN2QP4N,9577
04CSCO3E8N9BS5MN,7682
MRR87D8C0O483INB,13584
T3B2B5TSCFQA0T35,3203
E9CFPEGRBG3KA5GP,15462
1TGFD4M66MM42G30,9450
TKG3JOQ1K89RT9OL,884
TJ57HREATIL6BILF,13391
21C79TO07LL2AFOR,5521
4M44GOJ14H1369G9,18419
R6R1FLB2ACHCGF83,7482
8DLLHHO0MDN0GM1T,16868
KDGJ5PJK4C6R50T0,6457
I4956IIC72TJBEE1,9443
ITCRG46LSJQ86M94,13253
GO9T16K0P7D62NPC,18312
GES56OQ5B3NQCQQO,16339
THTJ9GPCT15MKG0S,9878
NCTDS1G4CDFABLNS,17803
OGD809DG9NOPTHSN,17323
927GE9AAMOK63H2C,7318
HDSE5K32I9LJ0OIO,3464
R233LOAF80GG4LPC,14692
8S04AMSMI0BASLT1,8583
1FCQPELL1NM3G5KT,16528
ADDSLL4F0Q3JS0KA,12750
88H4PDGGRLSS10QL,18637
72DJBPI174BF10AD,5315
FB1JDSR1NE91SBCC,4104
5QK3CJAPLS7DP2GB,2964
TLD7IIAR53D1CJDL,11860
4FFOCODCLS5NB6K9,10124
QBGF79FNBH009O7L,3721
BT9I3H2HK217D5DH,5947
0D2004PD45QCSLJM,15193
PONCAGJKD454Q4PK,17872
GQCER2QKMAIBRMSL,16939
L1421NM3QT87G9BS,12540
TNR8EH9KR3A3AK4G,10895
K8J2DADFR3FD0MSL,14418
44542FM86KL2QI5M,14207
G2M8PB96KQ6RO49M,8776
JMN0ERH11FLH0LKD,1342
25FN7QM24L7E5RAG,10775
5HKDMOFDNIOFNCIL,783
SALLCPFNK0CEBF7F,15699
3FID6BGQS9A3EAR5,16608
43MHFT57ATLN97HD,19133
5BT3IQH7TEKN6LOC,582
SFMKF667ARHF924R,19559
4J67HDDOGSC5TJHG,18716
K7BEJMO9Q0BF1NN7,11452
TS0B8J0LR2IT0ODE,6688
91QBDLMBMQABIHTA,8167
NN5M70JGAF83QJJ9,18263
7CMF3BBGLER1RPAS,14686
PK9165SR5LTRPOGO,4669
S8NC43D4QT9DCHPR,11912
NPTEO6634MRNKSOG,18514
CMA37GFQBMN3F5C8,4360
16BKPBO0IL12O7MM,7876
M31543N7IJH986JQ,16252
S6TIJ436LAGCNNBO,13330
KKIDQMDIC24SC39I,7435
M4EB66BM7KQ2JGNP,16612
629MO73IG9EOEG0N,14435
CA9ADSCH0RAB97LC,197
L44PSHN03OE3L5HH,14771
8OB798749TI7NQSI,17766
0J9M88PG9NAP3TSE,8889
CPJ5OFO0GNJG46NB,11531
FINKGGMSM2A3PF7Q,3086
K64T1OJ9BELRF192,7813
56QF376J4LC5OBJR,4051
E0N7IS8A4NASEE2G,3084
4ACTKQRD6TGPQQPR,537
FP2261M9E0IT9FOS,11381
ROGJAGRR52NKGCNO,928
5Q0KH1JGO3MR0PSR,10459
67KEQ80MQNHHAC1M,15997
TE30FC5BNTG206FT,11965
MT1M5MTPEE2HFDOT,17105
S19IHGECPG4G6N64,17534
7ACBDKIJID9M8183,7381
6865GA03TMI4TNMF,10389
DK8P58Q2OTM61ADT,17487
QAPHS5HLE8M41I26,12004
HPAI746BANODB2JG,17922
AAABF0KOHQB6QEFP,14451
3RRH1EREBMTFQE7M,11859
C68AK9TMALFRK52F,14952
N14HP9Q0QA72EDFN,17515
2PNFT3HARC271P8L,15669
GBH2C1KE2G083GPF,11088
4KLQSCKK8LCCGH6K,19498
M8E69D3N88RO0903,6654
MN11RCHBQP6KTS1Q,16940
98GHCGSG0FG55C1J,16359
9F0LS0JEDCF2SEHL,38
KQGO53489JJ2MP0T,9314
3S7GLEBKLOTKBP4C,18646
BG6KJACRCGBF6SI6,12800
E0A8JSHNR6A6JGI1,15752
OGIPIEHJD8JOFGOL,6160
5PHC4QQQJD7382NM,19789
IHODG4RHODGGII48,10870
OQQ2Q9O48K6P2RTR,5442
EA2ISHTITS8A89CD,9531
JFL9J92604L0J377,9819
O3FME88K1O650EN0,13487
FRSMI3951D74QKH5,6851
49T1R4DB48QG37SI,2539
MB0862SKTSFPB285,18864
306OIQDL6EA6LQ52,1791
21P3F3SGHMIC28FB,4812
HKDLG048IGCIMB71,17210
F9AN6FEAHGL2R6GO,6360
10E47FPHH4CPI86Q,10306
O8OG8B794R4E1NBD,1337
C6M6C0P6BDFQ0T85,1203
GM9A40O247RQN7R4,19177
4HTH6I14KOH2P74H,3894
KM3OCJPSE287K3A2,9270
6I0HISHJ0PP4LASK,9305
EGBDD2MFON66JN56,15217
6B6DHJB1MRKN4D4T,4054
IMAE3CTG2HI2O6OC,1872
0AG1N2508CPAQI71,4080
LL0M8IOM65GT20BL,8220
GFASAM20D0F2K2K0,10146
9GA42BKG29ERAGP6,4131
ER85NSIDGN6KGN5F,239
LKPL2NFS1N584I9P,16839
TGJIP4P86SC4OP7T,7664
MEGI3F31MM89CQ5B,11958
K6LG1OR00EFIIAGO,17753
S2RFJ5AGC0TBSH8M,3078
TRGE8C2OBO2P29JS,18595
FP2HN4M52E28TK67,18551
S08DSSDM3IJLN45T,13730
TJKFIK32PI1N8A54,13567
HF61GN1EL40Q2EAQ,6272
86PLI913H79CGG9K,6409
7AIKLGEE1Q69QIJM,15557
8SCLFE68S2OQ4AG5,5658
T22JIP6KGH7SEAEL,16204
RFR5BFTG4I6357TC,2375
B1N4Q1SGKNICB27G,13944
D6RLR0SRLLTRGL2T,14832
1OB168PO675ADQPE,10136
JD6FE6GRMP3C7KEF,14099
C0PIM1LRLGRHSNH0,15590
SHIIAFA3638AJM9Q,14243
DMC9J6DH27A3PQC4,9147
N118TSLKBLA6PFGB,17862
5AOENMI51RPOJF9O,823
AISCH5EHE6J8AMHR,6370
56CG8RPPNI46ER93,2040
NFIOAQTN3QPGRIKT,14187
8SFGHSN6BIIHIIQA,4010
DAAJQ0J09A0Q26RL,5576
589IAITSP7GRP42Q,14978
S8M65K5TKMPQ4JEM,17123
E7379OS06JOS950C,12828
3EHPK6OQGB87CS50,11885
5F7BNAGM5SQD01NS,17936
IBISHPD0JI7E7N28,17874
7O9E9L3D9J9KT3S3,19440
2E6263Q9FTORKTQ9,2028
A505HBRKQD2HBSJT,3016
CNFESISD0HFFJQDF,1069
REBQ9JL6GHRTG9RQ,9762
Q9MM45ALS0SB68HH,18677
KKC3186C56C1PGIO,9784
4FM2GCCGB5ITBE36,11333
36H3CKAK857LB6B8,2959
4G2PR3H037MQ8OFC,12481
8B4B58GGBMOP9EF4,11921
HTRM36024J88R9FE,1116
H56B570LHKDECPC9,16249
HQ587RFBELDIN3QM,2385
TLRN5SD8B64A2FAH,7605
DELCJE0LBCENLJS9,17919
2GBORIICL929JGQA,17170
JT2D70KSBS25QTNF,7529
TTCDPCGRNL0RT9CS,18575
RJME2ONN2CGEOMAP,12829
6SDISQQGEI91LIFA,4353
8BOPPMSIQP6TJKDK,12738
MTT0IGA26QH72E4R,3066
CEEL73N6COOH5CO3,5116
E4JB6OCPFQEQDCGD,18270
3B6L10862KR5D74B,13313
KN5MLTGLJ746IMER,3469
R37FLKF494FM785Q,5373
41N4FHQC3AS0BJE4,17486
SIDCMB5LJCC0AIMK,18210
8H5F2MSFGJ90A55G,19461
4KFJ1BGK0NCADTOG,12
IF58L4PMDE85BIBN,16651
FRAEH21NIPJH4MKS,8715
IOCD993LSRKOQG6H,10860
0BGC5NHOJL7JO964,6659
JRMI9I0KHCIL9NRI,14470
BISGF8M524NH53NP,13245
HNELNS2S66LD69H3,1428
2QL2BORN5H23GHFK,19228
DBN0R67BKEEQ5E3M,3578
OOTGTH74C3T6SHG3,18764
NM83HS5N3F4NBC1O,10388
79RDFPS8LG9748GC,11939
1FN4AHT6CO7K9RBC,9186
FEMIMH3DI78OLHIO,14915
NAFF0IT4KTMQD647,8718
8TGNBD08QBAO67CM,452
HJ6LTQKD6MMHC8ME,3651
245K9QL8CEJKGL63,7748
4PEHKALTDK59SDH1,609
LT6LO2Q6OSIA3TA6,6418
8CQLPH9JN19OEAKO,4361
DND9TNB7HHS7RSQL,17816
9P279B1R9GRMISCP,5801
7H2FDPA0EMLNOEF3,18150
39OS2FOC2ETQ975K,19137
H59J1E6NICGHT74F,15665
L31QFQQKSGN89N18,13173
SPOKR45P0GJ24H2A,206
5PEQPH2ARCJJEA2P,2118
1PDQDOSRGC9MHF3J,15351
5LLNR5II99IMCFFH,8259
CSPP43TQ8F85MTMH,479
H940NLGKLFDA968L,18685
05E96P4QBQCCH8CT,13391
JN02N0SFR06TATQO,16850
ODCNE3KF3A78Q2J2,8012
K7ML33N9623FLOF5,62
H1ASTFL2JD9T1MH3,5367
5BTM175OGMMA6SCL,18496
FC980JM73IGNFN33,15631
ED5OE2KLO909LLRQ,18920
D468H7MSPELRB1HR,8609
60S8RP4JCHNT0I24,14020
BTH743CODJC41K3F,6410
LAPSHGO35NS5DTSF,5119
82HM0GO1C3M80G1N,8123
2DA6FNKC24JEOH40,16988
9TB8PTQF1CH7FCMB,18480
4JKA2347BSF9SMCF,17029
B323DLTC403S8RHO,1965
BEMT9A16KBPJASK8,15170
9SR48OPPJFPN0ALT,15200
MACPRLEK2ENEMEII,122
4KAB7A75HA5C87GE,5056
9ELAA8PO437Q6HKG,5577
F351B26MTTCEAAPR,16452
7LOT67M6QKQJHKLE,7737
KMT9709911MH24HQ,8016
8HKGA745KSS3AD56,8082
G9T4NMA6AQH219KN,9151
E6M75EPRB0D1S54F,15223
IRNL1959CHOC7LH8,18507
S3P7RIHJRTRS0DSM,8026
PHP8BPOBLEASMKFP,15949
CBT95ITPGR8KG60R,6399
KLFLB9JD2HJFMCKQ,880
TDAFCEF1Q81F457P,18894
6A19IGLEN1AE5T0S,3247
S91QKQN5C7C21MJN,9751
2J7B0S5IR85Q7Q6D,1569
9GG9QEE6SIBQFTCK,14387
CDGE7TJHH90J0L6S,15306
JK8K699QCQJRAP26,18484
6SKKJ43NQTEDDL72,12604
8GJCT3OBMRNH4M9L,856
PDHAD83QMPK76BRI,8198
SJMB6O7HTJ3QM7FM,13788
G2BQHQ0D3LN5OQN2,5826
D7BFRJNS3HR5GQG8,11825
KJ314KJN8TGOM7BN,13943
099F982SMAC688B9,9314
L4HLDR66E6610RH8,14150
PTB5NOGRFR1SEO5N,14169
LHNNHJ688M9DRNA2,13478
6EPRK9N60J9JING7,8020
JJ5STOP39LEIFH0K,6964
DDMD00DDSIE20GGM,17759
RJC8QNNC86G0IPD4,4099
7SD7S81PCH8TT8O8,1491
CRIBH4ODAQ5F7TL5,12304
C4GAI1ONF5N0THR5,10996
QT19NIF31GI6GH2O,16557
K54FMKN855MR3J8Q,8226
H4QQHDFPE7QP0B76,6696
BRFRG477P9S6MMQ2,2736
0HRQG5NRLP0KDHNK,1511
7SDJE48EFRPPNEJK,10596
PRT8RDNG6E86518P,1664
SRNIBIK27BQ2M3PB,8545
6CP232J9R8N84702,5991
AROR24MH3M79EHBS,3846